id,title,short_title,repository,program,nci_program,cancer_types,primary_sites,subjects,subject_scope,modalities,n_cases,n_samples,access_tier,has_followup,median_followup_months,has_treatment_response,n_verified_reuse,n_citations_to_primary_publication,reuse_gap_index,is_underexplored,is_showcase,review_status,landing_page_url
cbio-msk-ch-2023,"Cancer Therapy and Clonal Hematopoiesis (MSK, Blood Adv 2023)",msk_ch_2023,cBioPortal,Investigator-initiated cohort (harmonized in cBioPortal),,Mixed Cancer Types,other,,pan_cancer,targeted_dna,42714,42714,open,,,False,,14,,False,False,machine_only,https://www.cbioportal.org/study/summary?id=msk_ch_2023
idc-nlst,NLST,nlst,IDC,NCI Imaging Data Commons / The Cancer Imaging Archive,IDC,Lung Cancer; Non-Cancer,Chest,LUNG,single,clinical; radiology,26410,,open,,,,,,,False,False,machine_only,https://portal.imaging.datacommons.cancer.gov/explore/?collection_id=nlst
cbio-msk-met-2021,"MSK MetTropism (MSK, Cell 2021)",msk_met_2021,cBioPortal,Investigator-initiated cohort (harmonized in cBioPortal),,Mixed Cancer Types,other,,pan_cancer,copy_number; structural_variant; targeted_dna,25775,25775,open,True,17.4,False,,559,,False,False,machine_only,https://www.cbioportal.org/study/summary?id=msk_met_2021
cbio-msk-chord-2024,"MSK-CHORD (MSK, Nature 2024)",msk_chord_2024,cBioPortal,Investigator-initiated cohort (harmonized in cBioPortal),,Mixed Cancer Types,other,,pan_cancer,copy_number; structural_variant; targeted_dna; treatment,24950,25040,open,True,24.6,False,,152,,False,False,machine_only,https://www.cbioportal.org/study/summary?id=msk_chord_2024
cbio-msk-ch-2020,"Cancer Therapy and Clonal Hematopoiesis (MSK, Nat Genet 2020)",msk_ch_2020,cBioPortal,Investigator-initiated cohort (harmonized in cBioPortal),,Mixed Cancer Types,other,,pan_cancer,targeted_dna,24146,24146,open,,,False,,646,,False,False,machine_only,https://www.cbioportal.org/study/summary?id=msk_ch_2020
gdc-fm-ad,Foundation Medicine Adult Cancer Clinical Dataset (FM-AD),FM-AD,GDC,FM,FM,"Not Reported; Cystic, Mucinous and Serous Neoplasms; Miscellaneous Tumors; Germ Cell Neoplasms; Complex Mixed and Stromal Neoplasms; Thymic Epithelial Neoplasms; Ductal and Lobular Neoplasms; Adnexal and Skin Appendage Neoplasms",Not Reported; Esophagus; Other endocrine glands and related structures; Stomach; Skin; Unknown; Bladder; Nasopharynx,,pan_cancer,clinical; targeted_dna,18004,,mixed,False,,False,6,726,-2.463,True,True,project_curated,https://portal.gdc.cancer.gov/projects/FM-AD
cbio-msk-impact-2017,"MSK-IMPACT Clinical Sequencing Cohort (MSK, Nat Med 2017)",msk_impact_2017,cBioPortal,Investigator-initiated cohort (harmonized in cBioPortal),,Mixed Cancer Types,other,,pan_cancer,copy_number; structural_variant; targeted_dna,10336,10945,open,True,11.0,False,,2781,,False,False,machine_only,https://www.cbioportal.org/study/summary?id=msk_impact_2017
cbio-sarcoma-msk-2022,"Soft Tissue and Bone Sarcoma (MSK, Nat Commun 2022)",sarcoma_msk_2022,cBioPortal,Investigator-initiated cohort (harmonized in cBioPortal),,Soft Tissue,tissue,SOFT_TISSUE,single,structural_variant; targeted_dna,7494,7494,open,,,False,,173,,False,False,machine_only,https://www.cbioportal.org/study/summary?id=sarcoma_msk_2022
idc-cbis-ddsm,CBIS-DDSM,cbis_ddsm,IDC,NCI Imaging Data Commons / The Cancer Imaging Archive,IDC,Breast Cancer; Non-Cancer,Breast,BREAST,single,radiology,6671,,open,,,,,,,False,False,machine_only,https://portal.imaging.datacommons.cancer.gov/explore/?collection_id=cbis_ddsm
cbio-msk-ctdna-vte-2024,"MSK ctDNA Sequencing Cohort (MSK, Nature Medicine 2024)",msk_ctdna_vte_2024,cBioPortal,Investigator-initiated cohort (harmonized in cBioPortal),,Mixed Cancer Types,other,,pan_cancer,copy_number; structural_variant; targeted_dna,5567,5567,open,,,False,,34,,False,False,machine_only,https://www.cbioportal.org/study/summary?id=msk_ctdna_vte_2024
idc-breast-cancer-screening-dbt,Breast-Cancer-Screening-DBT,breast_cancer_screening_dbt,IDC,NCI Imaging Data Commons / The Cancer Imaging Archive,IDC,Breast Cancer; Non-Cancer,Breast,BREAST,single,clinical; radiology,5060,,open,,,,,,,False,False,machine_only,https://portal.imaging.datacommons.cancer.gov/explore/?collection_id=breast_cancer_screening_dbt
gdc-ccdi-mci,Molecular Characterization Initiative (MCI),CCDI-MCI,GDC,CCDI,CCDI,"Cystic, Mucinous and Serous Neoplasms; Granular Cell Tumors and Alveolar Soft Part Sarcomas; Specialized Gonadal Neoplasms; Neoplasms, NOS; Adenomas and Adenocarcinomas; Gliomas; Meningiomas; Acinar Cell Neoplasms","Accessory sinuses; Adrenal gland; Base of tongue; Bladder; Bones, joints and articular cartilage of limbs; Bones, joints and articular cartilage of other and unspecified sites; Brain; Breast",,pan_cancer,methylation; radiology; wxs,4407,,mixed,False,,False,1,46,1.976,False,False,machine_only,https://portal.gdc.cancer.gov/projects/CCDI-MCI
cbio-breast-msk-2025,"Breast Cancer (MSK, Nat Genet 2025)",breast_msk_2025,cBioPortal,Investigator-initiated cohort (harmonized in cBioPortal),,Invasive Breast Carcinoma,breast,BREAST,single,copy_number; structural_variant; targeted_dna,3116,3879,open,True,39.4,False,,28,,False,False,machine_only,https://www.cbioportal.org/study/summary?id=breast_msk_2025
idc-victre,VICTRE,victre,IDC,NCI Imaging Data Commons / The Cancer Imaging Archive,IDC,Breast Cancer,Breast,BREAST,single,radiology,2994,,open,,,,,,,False,False,machine_only,https://portal.imaging.datacommons.cancer.gov/explore/?collection_id=victre
idc-eay131,EAY131,eay131,IDC,NCI Imaging Data Commons / The Cancer Imaging Archive,IDC,Adenocarcinoma; Adrenocortical Carcinoma; Anal Cancer; Anal Squamous Cell Carcinoma; Astrocytoma; Bladder Cancer; Brain Cancer; Breast Cancer,Various,,pan_cancer,clinical; radiology,2813,,open,,,,,,,False,False,machine_only,https://portal.imaging.datacommons.cancer.gov/explore/?collection_id=eay131
gdc-target-aml,Acute Myeloid Leukemia,TARGET-AML,GDC,TARGET,TARGET,Myeloid Leukemias; Not Applicable,Unknown; Hematopoietic and reticuloendothelial systems,MYELOID,single,clinical; copy_number; methylation; mirna; rna_seq; structural_variant; targeted_dna; wgs; wxs,2492,,mixed,True,41.7,True,280,695,-1.197,False,True,project_curated,https://portal.gdc.cancer.gov/projects/TARGET-AML
cbio-pdac-msk-2024,"Pancreatic Adenocarcinoma (MSK, Nat Med 2024)",pdac_msk_2024,cBioPortal,Investigator-initiated cohort (harmonized in cBioPortal),,Pancreas,tissue,PANCREAS,single,copy_number; structural_variant; targeted_dna,2336,2336,open,True,13.5,False,,93,,False,False,machine_only,https://www.cbioportal.org/study/summary?id=pdac_msk_2024
cbio-luad-mskcc-2023-met-organotropism,"Lung Adenocarcinoma Met Organotropism (MSK, Cancer Cell 2023)",luad_mskcc_2023_met_organotropism,cBioPortal,Investigator-initiated cohort (harmonized in cBioPortal),,Lung Adenocarcinoma,nsclc,LUNG,single,copy_number; structural_variant; targeted_dna,2298,2653,open,True,36.8,False,,96,,False,False,machine_only,https://www.cbioportal.org/study/summary?id=luad_mskcc_2023_met_organotropism
cbio-prostate-msk-2024,"Prostate Cancer (MSK, Clin Cancer Res 2024)",prostate_msk_2024,cBioPortal,Investigator-initiated cohort (harmonized in cBioPortal),,Prostate,tissue,PROSTATE,single,copy_number; structural_variant; targeted_dna,2257,2260,open,True,42.2,False,,59,,False,False,machine_only,https://www.cbioportal.org/study/summary?id=prostate_msk_2024
cbio-sarcoma-mskcc-2022,"Sarcoma (MSK, Nat Commun. 2022)",sarcoma_mskcc_2022,cBioPortal,Investigator-initiated cohort (harmonized in cBioPortal),,Soft Tissue,tissue,SOFT_TISSUE,single,copy_number; structural_variant; targeted_dna,2138,2138,open,True,22.5,False,,209,,False,False,machine_only,https://www.cbioportal.org/study/summary?id=sarcoma_mskcc_2022
cbio-prad-msk-stopsack-2021,"Race Differences in Prostate Cancer (MSK, 2021)",prad_msk_stopsack_2021,cBioPortal,Investigator-initiated cohort (harmonized in cBioPortal),,Prostate Adenocarcinoma,prostate,PROSTATE,single,copy_number; structural_variant; targeted_dna,2069,2069,open,,,False,,49,,False,False,machine_only,https://www.cbioportal.org/study/summary?id=prad_msk_stopsack_2021
cbio-ucec-ancestry-cds-msk-2023,"Endometrial Cancer (MSK, Cancer Discovery 2023)",ucec_ancestry_cds_msk_2023,cBioPortal,Investigator-initiated cohort (harmonized in cBioPortal),,Endometrial Carcinoma,uterus,UTERUS,single,copy_number; targeted_dna,1882,1882,open,,,False,,42,,False,False,machine_only,https://www.cbioportal.org/study/summary?id=ucec_ancestry_cds_msk_2023
gdc-cptac-3,"CPTAC-Brain, Head and Neck, Kidney, Lung, Pancreas, Uterus",CPTAC-3,GDC,CPTAC,CPTAC,"Not Applicable; Transitional Cell Papillomas and Carcinomas; Ductal and Lobular Neoplasms; Adenomas and Adenocarcinomas; Gliomas; Epithelial Neoplasms, NOS; Complex Epithelial Neoplasms; Complex Mixed and Stromal Neoplasms","Stomach; Other and ill-defined sites in lip, oral cavity and pharynx; Unknown; Colon; Other and unspecified urinary organs; Floor of mouth; Other and unspecified parts of mouth; Gum",,pan_cancer,copy_number; methylation; mirna; rna_seq; scrna_seq; structural_variant; targeted_dna; wgs; wxs,1866,,mixed,True,22.9,True,25,688,-1.448,False,True,project_curated,https://portal.gdc.cancer.gov/projects/CPTAC-3
idc-cmmd,CMMD,cmmd,IDC,NCI Imaging Data Commons / The Cancer Imaging Archive,IDC,Breast Cancer,Breast,BREAST,single,clinical; radiology,1775,,open,,,,,,,False,False,machine_only,https://portal.imaging.datacommons.cancer.gov/explore/?collection_id=cmmd
cbio-breast-msk-2018,"Breast Cancer (MSK, Cancer Cell 2018)",breast_msk_2018,cBioPortal,Investigator-initiated cohort (harmonized in cBioPortal),,Breast,tissue,BREAST,single,copy_number; structural_variant; targeted_dna,1756,1918,open,True,40.5,False,,824,,False,False,machine_only,https://www.cbioportal.org/study/summary?id=breast_msk_2018
cbio-ccle-broad-2019,"Cancer Cell Line Encyclopedia (Broad, 2019)",ccle_broad_2019,cBioPortal,Investigator-initiated cohort (harmonized in cBioPortal),,Mixed Cancer Types,other,,pan_cancer,copy_number; proteome; rna_seq; structural_variant; targeted_dna,1739,1739,open,,,False,,2834,,False,False,machine_only,https://www.cbioportal.org/study/summary?id=ccle_broad_2019
cbio-tmb-mskcc-2018,"TMB and Immunotherapy (MSK, Nat Genet 2019)",tmb_mskcc_2018,cBioPortal,Investigator-initiated cohort (harmonized in cBioPortal),,Mixed Cancer Types,other,,pan_cancer,structural_variant; targeted_dna,1661,1661,open,True,11.0,False,,3230,,False,False,machine_only,https://www.cbioportal.org/study/summary?id=tmb_mskcc_2018
gdc-target-all-p2,Acute Lymphoblastic Leukemia - Phase II,TARGET-ALL-P2,GDC,TARGET,TARGET,Lymphoid Leukemias,Hematopoietic and reticuloendothelial systems,LYMPH,single,clinical; copy_number; mirna; rna_seq; structural_variant; wgs; wxs,1587,,mixed,True,92.7,False,42,761,-1.198,False,False,machine_only,https://portal.gdc.cancer.gov/projects/TARGET-ALL-P2
cbio-crc-eo-2020,"Colorectal Cancer (MSK, JNCI 2021)",crc_eo_2020,cBioPortal,Investigator-initiated cohort (harmonized in cBioPortal),,Bowel,tissue,BOWEL,single,copy_number; structural_variant; targeted_dna,1516,1516,open,,,False,,173,,False,False,machine_only,https://www.cbioportal.org/study/summary?id=crc_eo_2020
gdc-mp2prt-all,Molecular Profiling to Predict Response to Treatment for Acute Lymphoblastic Leukemia,MP2PRT-ALL,GDC,MP2PRT,MP2PRT,Acute Lymphoblastic Leukemia; Lymphoid Leukemias,Hematopoietic and reticuloendothelial systems,LYMPH,single,clinical; copy_number; rna_seq; structural_variant; wgs; wxs,1510,,mixed,True,100.2,True,2,17,0.054,False,True,project_curated,https://portal.gdc.cancer.gov/projects/MP2PRT-ALL
cbio-prad-cdk12-mskcc-2020,"Prostate Adenocarcinoma (MSK, Eur Urol 2020)",prad_cdk12_mskcc_2020,cBioPortal,Investigator-initiated cohort (harmonized in cBioPortal),,Prostate Adenocarcinoma,prostate,PROSTATE,single,copy_number; structural_variant; targeted_dna; treatment,1465,1465,open,,,False,,104,,False,False,machine_only,https://www.cbioportal.org/study/summary?id=prad_cdk12_mskcc_2020
cbio-prad-pik3r1-msk-2021,"Prostate Adenocarcinoma (MSK, Clin Cancer Res. 2022)",prad_pik3r1_msk_2021,cBioPortal,Investigator-initiated cohort (harmonized in cBioPortal),,Prostate Adenocarcinoma,prostate,PROSTATE,single,copy_number; structural_variant; targeted_dna,1417,1417,open,True,26.3,False,,43,,False,False,machine_only,https://www.cbioportal.org/study/summary?id=prad_pik3r1_msk_2021
idc-covid-19-ny-sbu,COVID-19-NY-SBU,covid_19_ny_sbu,IDC,NCI Imaging Data Commons / The Cancer Imaging Archive,IDC,COVID-19 (non-cancer),Lung,LUNG,single,clinical; radiology,1384,,open,,,,,,,False,False,machine_only,https://portal.imaging.datacommons.cancer.gov/explore/?collection_id=covid_19_ny_sbu
cbio-hcc-msk-2024,"Hepatocellular Carcinoma (MSK, Clin Cancer Res 2024)",hcc_msk_2024,cBioPortal,Investigator-initiated cohort (harmonized in cBioPortal),,Hepatocellular Carcinoma,liver,LIVER,single,copy_number; structural_variant; targeted_dna,1370,1370,open,True,18.4,False,,11,,False,False,machine_only,https://www.cbioportal.org/study/summary?id=hcc_msk_2024
cbio-biliary-tract-msk-2026,"Hepatobiliary Cancer (MSK, 2026)",biliary_tract_msk_2026,cBioPortal,Investigator-initiated cohort (harmonized in cBioPortal),,Biliary Tract,tissue,BILIARY_TRACT,single,copy_number; structural_variant; targeted_dna,1254,1291,open,True,10.6,False,,0,,False,False,machine_only,https://www.cbioportal.org/study/summary?id=biliary_tract_msk_2026
cbio-paired-bladder-2022,"Bladder Cancer (MSK, Cell Reports 2022)",paired_bladder_2022,cBioPortal,Investigator-initiated cohort (harmonized in cBioPortal),,Bladder/Urinary Tract,tissue,BLADDER,single,copy_number; structural_variant; targeted_dna,1244,1659,open,True,31.1,False,,67,,False,False,machine_only,https://www.cbioportal.org/study/summary?id=paired_bladder_2022
gdc-alchemist-alch,Adjuvant Lung Cancer Enrichment Marker Identification and Sequencing Trial,ALCHEMIST-ALCH,GDC,ALCHEMIST,ALCHEMIST,Not Reported,Not Reported,LUNG,title_derived,clinical; copy_number; histopathology; mirna; rna_seq; structural_variant; wgs; wxs,1176,,mixed,False,,False,0,,,False,False,machine_only,https://portal.gdc.cancer.gov/projects/ALCHEMIST-ALCH
idc-prostate-mri-us-biopsy,Prostate-MRI-US-Biopsy,prostate_mri_us_biopsy,IDC,NCI Imaging Data Commons / The Cancer Imaging Archive,IDC,Prostate Cancer,Prostate,PROSTATE,single,radiology,1151,,open,,,,,,,False,False,machine_only,https://portal.imaging.datacommons.cancer.gov/explore/?collection_id=prostate_mri_us_biopsy
cbio-cll-broad-2022,"Chronic Lymphocytic Leukemia (Broad, Nature Genetics 2022)",cll_broad_2022,cBioPortal,Investigator-initiated cohort (harmonized in cBioPortal),,Chronic Lymphocytic Leukemia/Small Lymphocytic Lymphoma,mbn,LYMPH,single,rna_seq; structural_variant; targeted_dna; treatment,1149,1154,open,True,79.0,False,,131,,False,False,machine_only,https://www.cbioportal.org/study/summary?id=cll_broad_2022
gdc-target-nbl,Neuroblastoma,TARGET-NBL,GDC,TARGET,TARGET,Not Applicable; Neuroepitheliomatous Neoplasms,"Other endocrine glands and related structures; Stomach; Meninges; Skin; Unknown; Bones, joints and articular cartilage of limbs; Connective, subcutaneous and other soft tissues; Lymph nodes",PNS,single,clinical; methylation; rna_seq; structural_variant; targeted_dna; wgs; wxs,1132,,mixed,True,74.6,False,55,24,-3.39,False,False,machine_only,https://portal.gdc.cancer.gov/projects/TARGET-NBL
cbio-nsclc-ctdx-msk-2022,"Metastatic Non-Small Cell Lung Cancer (MSK, Nature Medicine 2022)",nsclc_ctdx_msk_2022,cBioPortal,Investigator-initiated cohort (harmonized in cBioPortal),,Non-Small Cell Lung Cancer,lung,LUNG,single,copy_number; structural_variant; targeted_dna; treatment,1127,2621,open,True,16.6,False,,153,,False,False,machine_only,https://www.cbioportal.org/study/summary?id=nsclc_ctdx_msk_2022
cbio-breast-ink4-msk-2021,"Metastatic Breast Cancer (MSK, Cancer Discovery 2022)",breast_ink4_msk_2021,cBioPortal,Investigator-initiated cohort (harmonized in cBioPortal),,Breast,tissue,BREAST,single,copy_number; structural_variant; targeted_dna,1116,1365,open,,,False,,144,,False,False,machine_only,https://www.cbioportal.org/study/summary?id=breast_ink4_msk_2021
cbio-crc-msk-2017,"Metastatic Colorectal Cancer (MSK, Cancer Cell 2018)",crc_msk_2017,cBioPortal,Investigator-initiated cohort (harmonized in cBioPortal),,Colorectal Adenocarcinoma,bowel,BOWEL,single,copy_number; structural_variant; targeted_dna,1099,1134,open,True,28.3,False,,744,,False,False,machine_only,https://www.cbioportal.org/study/summary?id=crc_msk_2017
gdc-tcga-brca,Breast Invasive Carcinoma,TCGA-BRCA,GDC,TCGA,TCGA,"Cystic, Mucinous and Serous Neoplasms; Adenomas and Adenocarcinomas; Fibroepithelial Neoplasms; Basal Cell Neoplasms; Ductal and Lobular Neoplasms; Epithelial Neoplasms, NOS; Squamous Cell Neoplasms; Complex Epithelial Neoplasms",Breast,BREAST,single,atac_seq; clinical; copy_number; histopathology; methylation; mirna; protein_array; radiology; rna_seq; structural_variant; wgs; wxs,1098,,mixed,True,27.1,True,2463,9914,2.041,False,True,project_curated,https://portal.gdc.cancer.gov/projects/TCGA-BRCA
cbio-acc-2019,Adenoid Cystic Carcinoma Project (J Clin Invest 2019),acc_2019,cBioPortal,Investigator-initiated cohort (harmonized in cBioPortal),,Adenoid Cystic Carcinoma,saca,HEAD_NECK,single,copy_number; structural_variant; targeted_dna,1045,1049,open,True,48.8,False,,185,,False,False,machine_only,https://www.cbioportal.org/study/summary?id=acc_2019
cbio-cellline-ccle-broad,"Cancer Cell Line Encyclopedia (Novartis/Broad, Nature 2012)",cellline_ccle_broad,cBioPortal,Investigator-initiated cohort (harmonized in cBioPortal),,Mixed Cancer Types,other,,pan_cancer,copy_number; rna_seq; targeted_dna,1020,1020,open,,,False,,6519,,False,False,machine_only,https://www.cbioportal.org/study/summary?id=cellline_ccle_broad
cbio-prad-p1000,"Prostate Adenocarcinoma (MSK/DFCI, Nature Genetics 2018)",prad_p1000,cBioPortal,Investigator-initiated cohort (harmonized in cBioPortal),,Prostate Adenocarcinoma,prostate,PROSTATE,single,copy_number; structural_variant; targeted_dna,1013,1013,open,,,False,,726,,False,False,machine_only,https://www.cbioportal.org/study/summary?id=prad_p1000
idc-lidc-idri,LIDC-IDRI,lidc_idri,IDC,NCI Imaging Data Commons / The Cancer Imaging Archive,IDC,Lung Cancer; Non-Cancer; Metastatic disease,Chest,LUNG,single,clinical; radiology,1010,,open,,,,,,,False,False,machine_only,https://portal.imaging.datacommons.cancer.gov/explore/?collection_id=lidc_idri
cbio-dlbcl-duke-2017,"Diffuse Large B-Cell Lymphoma (Duke, Cell 2017)",dlbcl_duke_2017,cBioPortal,Investigator-initiated cohort (harmonized in cBioPortal),,"Diffuse Large B-Cell Lymphoma, NOS",mbn,LYMPH,single,targeted_dna,1001,1001,open,True,91.8,False,,923,,False,False,machine_only,https://www.cbioportal.org/study/summary?id=dlbcl_duke_2017
gdc-mmrf-commpass,Multiple Myeloma CoMMpass Study,MMRF-COMMPASS,GDC,MMRF,MMRF,Plasma Cell Tumors,Hematopoietic and reticuloendothelial systems,LYMPH,single,copy_number; rna_seq; structural_variant; wgs; wxs,995,,mixed,True,25.6,False,233,103,1.898,False,False,machine_only,https://portal.gdc.cancer.gov/projects/MMRF-COMMPASS
idc-acrin-contralateral-breast-mr,ACRIN-Contralateral-Breast-MR,acrin_contralateral_breast_mr,IDC,NCI Imaging Data Commons / The Cancer Imaging Archive,IDC,Breast Cancer,Breast,BREAST,single,clinical; radiology,984,,open,,,,,,,False,False,machine_only,https://portal.imaging.datacommons.cancer.gov/explore/?collection_id=acrin_contralateral_breast_mr
idc-gtex,GTEx,gtex,IDC,NCI Imaging Data Commons / The Cancer Imaging Archive,IDC,Non-diseased,Various,,non_cancer,clinical; radiology; wgs,971,,open,,,,,,,False,False,machine_only,https://portal.imaging.datacommons.cancer.gov/explore/?collection_id=gtex
cbio-glioma-mskcc-2019,"Glioma (MSK, Clin Cancer Res 2019)",glioma_mskcc_2019,cBioPortal,Investigator-initiated cohort (harmonized in cBioPortal),,Diffuse Glioma,brain,BRAIN,single,copy_number; structural_variant; targeted_dna; treatment,924,1004,open,True,20.3,False,,132,,False,False,machine_only,https://www.cbioportal.org/study/summary?id=glioma_mskcc_2019
idc-duke-breast-cancer-mri,Duke-Breast-Cancer-MRI,duke_breast_cancer_mri,IDC,NCI Imaging Data Commons / The Cancer Imaging Archive,IDC,Breast Cancer,Breast,BREAST,single,clinical; radiology; wgs,922,,open,,,,,,,False,False,machine_only,https://portal.imaging.datacommons.cancer.gov/explore/?collection_id=duke_breast_cancer_mri
idc-pdxnet,PDXNet,pdxnet,IDC,NCI Imaging Data Commons / The Cancer Imaging Archive,IDC,Acinar Cell Carcinoma; Adrenal Cortical Carcinoma; Carcinosarcoma; Chondrosarcoma; Colon Adenocarcinoma; Ewing Sarcoma; Gastrointestinal Stromal Tumor; Head and Neck Squamous Cell Carcinoma,adrenal gland; bladder organ; bone element; breast; colon; gallbladder; genitourinary system; larynx,,pan_cancer,clinical; radiology; wgs,919,,open,,,,,,,False,False,machine_only,https://portal.imaging.datacommons.cancer.gov/explore/?collection_id=pdxnet
cbio-egc-msk-2023,"Esophagogastric Cancer (MSK, J Natl Cancer Inst 2023)",egc_msk_2023,cBioPortal,Investigator-initiated cohort (harmonized in cBioPortal),,Esophagus/Stomach,tissue,STOMACH,single,copy_number; structural_variant; targeted_dna,902,902,open,True,21.1,False,,33,,False,False,machine_only,https://www.cbioportal.org/study/summary?id=egc_msk_2023
cbio-aml-stjude-2024,"Pediatric Acute Myeloid Leukemia (St. Jude, Nat Genet 2024)",aml_stjude_2024,cBioPortal,Investigator-initiated cohort (harmonized in cBioPortal),,Acute Myeloid Leukemia,mnm,MYELOID,single,rna_seq; structural_variant; targeted_dna,887,887,open,,,False,,105,,False,False,machine_only,https://www.cbioportal.org/study/summary?id=aml_stjude_2024
cbio-lung-msk-2017,"Non-Small Cell Cancer (MSK, Cancer Discov 2017)",lung_msk_2017,cBioPortal,Investigator-initiated cohort (harmonized in cBioPortal),,Lung Adenocarcinoma,nsclc,LUNG,single,copy_number; structural_variant; targeted_dna,860,915,open,,,False,,542,,False,False,machine_only,https://www.cbioportal.org/study/summary?id=lung_msk_2017
htan-breast-pre-cancer-atlas,Breast Pre-Cancer Atlas,HTA6,HTAN,Human Tumor Atlas Network,HTAN,,,BREAST,title_derived,bulk_dna; rna_seq; scrna_seq; spatial_proteomics,828,,mixed,True,,,0,397,-2.635,True,False,machine_only,https://humantumoratlas.org/explore
gdc-beataml1.0-cohort,Functional Genomic Landscape of Acute Myeloid Leukemia,BEATAML1.0-COHORT,GDC,BEATAML1.0,BEATAML1.0,"Myeloid Leukemias; Leukemias, NOS; Unknown; Chronic Myeloproliferative Disorders; Plasma Cell Tumors; Myelodysplastic Syndromes",Hematopoietic and reticuloendothelial systems,MYELOID,single,rna_seq; scrna_seq; structural_variant; targeted_dna; wxs,826,,mixed,False,,False,22,1161,-0.713,False,False,machine_only,https://portal.gdc.cancer.gov/projects/BEATAML1.0-COHORT
idc-ct-colonography,CT COLONOGRAPHY,ct_colonography,IDC,NCI Imaging Data Commons / The Cancer Imaging Archive,IDC,Colon Cancer,Colon,BOWEL,single,radiology,825,,open,,,,,,,False,False,machine_only,https://portal.imaging.datacommons.cancer.gov/explore/?collection_id=ct_colonography
cbio-aml-ohsu-2022,"Acute Myeloid Leukemia (OHSU, Cancer Cell 2022)",aml_ohsu_2022,cBioPortal,Investigator-initiated cohort (harmonized in cBioPortal),,Acute Myeloid Leukemia,mnm,MYELOID,single,rna_seq; structural_variant; targeted_dna,805,942,open,True,11.0,False,,361,,False,False,machine_only,https://www.cbioportal.org/study/summary?id=aml_ohsu_2022
gdc-hcmi-cmdc,NCI Cancer Model Development for the Human Cancer Model Initiative,HCMI-CMDC,GDC,HCMI,HCMI,"Ductal and Lobular Neoplasms; Complex Mixed and Stromal Neoplasms; Blood Vessel Tumors; Fibromatous Neoplasms; Epithelial Neoplasms, NOS; Mature T- and NK-Cell Lymphomas; Transitional Cell Papillomas and Carcinomas; Complex Epithelial Neoplasms","Adrenal gland; Bladder; Bones, joints and articular cartilage of other and unspecified sites; Brain; Breast; Bronchus and lung; Colon; Connective, subcutaneous and other soft tissues",,pan_cancer,clinical; copy_number; histopathology; methylation; mirna; radiology; rna_seq; structural_variant; wgs; wxs,805,,mixed,True,15.8,True,6,92,-2.145,True,True,project_curated,https://portal.gdc.cancer.gov/projects/HCMI-CMDC
cbio-rectal-msk-2022,"Rectal Cancer (MSK, Nature Medicine 2022)",rectal_msk_2022,cBioPortal,Investigator-initiated cohort (harmonized in cBioPortal),,Bowel,tissue,BOWEL,single,copy_number; rna_seq; targeted_dna,738,788,open,,,False,,132,,False,False,machine_only,https://www.cbioportal.org/study/summary?id=rectal_msk_2022
idc-ispy2,ISPY2,ispy2,IDC,NCI Imaging Data Commons / The Cancer Imaging Archive,IDC,Breast Cancer,Breast,BREAST,single,clinical; radiology,719,,open,,,,,,,False,False,machine_only,https://portal.imaging.datacommons.cancer.gov/explore/?collection_id=ispy2
cbio-csf-msk-2024,"Cerebrospinal Fluid Circulating Tumor DNA (MSK, Acta Neuropathol Commun 2024)",csf_msk_2024,cBioPortal,Investigator-initiated cohort (harmonized in cBioPortal),,Mixed Cancer Types,other,,pan_cancer,copy_number; structural_variant; targeted_dna,711,1007,open,True,27.5,False,,20,,False,False,machine_only,https://www.cbioportal.org/study/summary?id=csf_msk_2024
cbio-mel-mskimpact-2020,"Melanoma (MSK, Clin Cancer Res 2021)",mel_mskimpact_2020,cBioPortal,Investigator-initiated cohort (harmonized in cBioPortal),,Cutaneous Melanoma,mel,SKIN,single,copy_number; structural_variant; targeted_dna,696,696,open,True,46.0,False,,40,,False,False,machine_only,https://www.cbioportal.org/study/summary?id=mel_mskimpact_2020
cbio-msk-ch-ped-2021,"Cancer Therapy and Clonal Hematopoiesis (MSK, Clin Cancer Res 2022)",msk_ch_ped_2021,cBioPortal,Investigator-initiated cohort (harmonized in cBioPortal),,Mixed Cancer Types,other,,pan_cancer,targeted_dna,657,657,open,,,False,,8,,False,False,machine_only,https://www.cbioportal.org/study/summary?id=msk_ch_ped_2021
gdc-target-wt,High-Risk Wilms Tumor,TARGET-WT,GDC,TARGET,TARGET,Complex Mixed and Stromal Neoplasms,Kidney,KIDNEY,single,clinical; methylation; mirna; rna_seq; structural_variant; targeted_dna; wgs; wxs,652,,mixed,True,71.0,False,171,47,-1.505,False,False,machine_only,https://portal.gdc.cancer.gov/projects/TARGET-WT
idc-advanced-mri-breast-lesions,Advanced-MRI-Breast-Lesions,advanced_mri_breast_lesions,IDC,NCI Imaging Data Commons / The Cancer Imaging Archive,IDC,Breast Cancer,Breast,BREAST,single,clinical; radiology,632,,open,,,,,,,False,False,machine_only,https://portal.imaging.datacommons.cancer.gov/explore/?collection_id=advanced_mri_breast_lesions
idc-upenn-gbm,UPENN-GBM,upenn_gbm,IDC,NCI Imaging Data Commons / The Cancer Imaging Archive,IDC,Glioblastoma,Brain,BRAIN,single,clinical; radiology,630,,open,,,,,,,False,False,machine_only,https://portal.imaging.datacommons.cancer.gov/explore/?collection_id=upenn_gbm
cbio-coadread-dfci-2016,"Colorectal Adenocarcinoma (DFCI, Cell Reports 2016)",coadread_dfci_2016,cBioPortal,Investigator-initiated cohort (harmonized in cBioPortal),,Colorectal Adenocarcinoma,bowel,BOWEL,single,targeted_dna,619,619,open,,,False,,670,,False,False,machine_only,https://www.cbioportal.org/study/summary?id=coadread_dfci_2016
cbio-msk-access-2021,"MSK-IMPACT and MSK-ACCESS Mixed Cohort (MSK, Nat Commun 2021)",msk_access_2021,cBioPortal,Investigator-initiated cohort (harmonized in cBioPortal),,Mixed Cancer Types,other,,pan_cancer,copy_number; structural_variant; targeted_dna,617,1446,open,True,14.9,False,,137,,False,False,machine_only,https://www.cbioportal.org/study/summary?id=msk_access_2021
gdc-tcga-gbm,Glioblastoma Multiforme,TCGA-GBM,GDC,TCGA,TCGA,Gliomas; Not Reported,Brain,BRAIN,single,atac_seq; clinical; copy_number; histopathology; methylation; mirna; protein_array; radiology; rna_seq; structural_variant; wgs; wxs,617,,mixed,True,12.0,True,1753,1839,1.44,False,True,project_curated,https://portal.gdc.cancer.gov/projects/TCGA-GBM
gdc-tcga-ov,Ovarian Serous Cystadenocarcinoma,TCGA-OV,GDC,TCGA,TCGA,"Not Reported; Cystic, Mucinous and Serous Neoplasms",Ovary; Retroperitoneum and peritoneum,OVARY,single,clinical; copy_number; histopathology; methylation; mirna; protein_array; radiology; rna_seq; structural_variant; wgs; wxs,608,,mixed,True,32.7,True,652,44,0.614,False,False,machine_only,https://portal.gdc.cancer.gov/projects/TCGA-OV
cbio-luad-mskcc-2020,"Lung Adenocarcinoma (MSK, J Thorac Oncol 2020)",luad_mskcc_2020,cBioPortal,Investigator-initiated cohort (harmonized in cBioPortal),,Lung Adenocarcinoma,nsclc,LUNG,single,copy_number; structural_variant; targeted_dna,604,604,open,True,23.4,False,,129,,False,False,machine_only,https://www.cbioportal.org/study/summary?id=luad_mskcc_2020
gdc-tcga-luad,Lung Adenocarcinoma,TCGA-LUAD,GDC,TCGA,TCGA,"Cystic, Mucinous and Serous Neoplasms; Ductal and Lobular Neoplasms; Acinar Cell Neoplasms; Adenomas and Adenocarcinomas",Bronchus and lung; Chest,LUNG,single,atac_seq; clinical; copy_number; histopathology; methylation; mirna; protein_array; radiology; rna_seq; structural_variant; wgs; wxs,585,,mixed,True,21.6,True,3321,,2.774,False,False,machine_only,https://portal.gdc.cancer.gov/projects/TCGA-LUAD
cbio-aml-ohsu-2018,"Acute Myeloid Leukemia (OHSU, Nature 2018)",aml_ohsu_2018,cBioPortal,Investigator-initiated cohort (harmonized in cBioPortal),,Acute Myeloid Leukemia,mnm,MYELOID,single,rna_seq; structural_variant; targeted_dna,562,672,open,True,10.2,False,,1161,,False,False,machine_only,https://www.cbioportal.org/study/summary?id=aml_ohsu_2018
gdc-tcga-ucec,Uterine Corpus Endometrial Carcinoma,TCGA-UCEC,GDC,TCGA,TCGA,"Not Reported; Epithelial Neoplasms, NOS; Adenomas and Adenocarcinomas; Cystic, Mucinous and Serous Neoplasms","Corpus uteri; Uterus; Uterus, NOS",UTERUS,single,atac_seq; clinical; copy_number; histopathology; methylation; mirna; protein_array; radiology; rna_seq; structural_variant; wgs; wxs,560,,mixed,True,29.5,True,438,,-0.125,False,False,machine_only,https://portal.gdc.cancer.gov/projects/TCGA-UCEC
cbio-cll-broad-2015,"Chronic Lymphocytic Leukemia (Broad, Nature 2015)",cll_broad_2015,cBioPortal,Investigator-initiated cohort (harmonized in cBioPortal),,Chronic Lymphocytic Leukemia/Small Lymphocytic Lymphoma,mbn,LYMPH,single,targeted_dna,537,537,open,,,False,,844,,False,False,machine_only,https://www.cbioportal.org/study/summary?id=cll_broad_2015
gdc-tcga-kirc,Kidney Renal Clear Cell Carcinoma,TCGA-KIRC,GDC,TCGA,TCGA,Adenomas and Adenocarcinomas,Kidney,KIDNEY,single,atac_seq; clinical; copy_number; histopathology; methylation; mirna; protein_array; radiology; rna_seq; structural_variant; wgs; wxs,537,,mixed,True,38.6,True,1436,,1.606,False,False,machine_only,https://portal.gdc.cancer.gov/projects/TCGA-KIRC
gdc-tcga-hnsc,Head and Neck Squamous Cell Carcinoma,TCGA-HNSC,GDC,TCGA,TCGA,Squamous Cell Neoplasms,"Base of tongue; Bones, joints and articular cartilage of other and unspecified sites; Floor of mouth; Gum; Head-Neck; Hypopharynx; Larynx; Lip",HEAD_NECK,single,atac_seq; clinical; copy_number; histopathology; methylation; mirna; protein_array; radiology; rna_seq; structural_variant; wgs; wxs,528,,mixed,True,21.2,True,758,,0.693,False,False,machine_only,https://portal.gdc.cancer.gov/projects/TCGA-HNSC
gdc-tcga-lgg,Brain Lower Grade Glioma,TCGA-LGG,GDC,TCGA,TCGA,Gliomas,Brain,BRAIN,single,atac_seq; clinical; copy_number; histopathology; methylation; mirna; protein_array; radiology; rna_seq; structural_variant; wgs; wxs,516,,mixed,True,22.3,True,707,,0.603,False,False,machine_only,https://portal.gdc.cancer.gov/projects/TCGA-LGG
idc-mediastinal-lymph-node-seg,Mediastinal-Lymph-Node-SEG,mediastinal_lymph_node_seg,IDC,NCI Imaging Data Commons / The Cancer Imaging Archive,IDC,Breast Cancer; Non-small Cell Lung Cancer; Hodgkin Lymphoma; Small Cell Lung Cancer; Thyroid Cancer; Adenocarcinoma; Melanoma; Head and Neck Cancer,Lymph Node,,pan_cancer,clinical; radiology,513,,open,,,,,,,False,False,machine_only,https://portal.imaging.datacommons.cancer.gov/explore/?collection_id=mediastinal_lymph_node_seg
gdc-tcga-thca,Thyroid Carcinoma,TCGA-THCA,GDC,TCGA,TCGA,"Epithelial Neoplasms, NOS; Adenomas and Adenocarcinomas; Squamous Cell Neoplasms",Thyroid; Thyroid gland,THYROID,single,atac_seq; clinical; copy_number; histopathology; methylation; mirna; protein_array; radiology; rna_seq; structural_variant; wgs; wxs,507,,mixed,True,31.0,True,395,,-0.226,False,False,machine_only,https://portal.gdc.cancer.gov/projects/TCGA-THCA
gdc-tcga-lusc,Lung Squamous Cell Carcinoma,TCGA-LUSC,GDC,TCGA,TCGA,Adenomas and Adenocarcinomas; Squamous Cell Neoplasms,Bronchus and lung; Lung,LUNG,single,atac_seq; clinical; copy_number; histopathology; methylation; mirna; protein_array; radiology; rna_seq; structural_variant; wgs; wxs,504,,mixed,True,21.7,True,715,,0.631,False,False,machine_only,https://portal.gdc.cancer.gov/projects/TCGA-LUSC
gdc-tcga-prad,Prostate Adenocarcinoma,TCGA-PRAD,GDC,TCGA,TCGA,"Adenomas and Adenocarcinomas; Cystic, Mucinous and Serous Neoplasms; Acinar Cell Neoplasms; Ductal and Lobular Neoplasms",Prostate; Prostate gland,PROSTATE,single,atac_seq; clinical; copy_number; histopathology; methylation; mirna; protein_array; radiology; rna_seq; structural_variant; wgs; wxs,500,,mixed,True,30.5,True,1125,,1.288,False,False,machine_only,https://portal.gdc.cancer.gov/projects/TCGA-PRAD
idc-ea1141,EA1141,ea1141,IDC,NCI Imaging Data Commons / The Cancer Imaging Archive,IDC,Breast Cancer,Breast,BREAST,single,clinical; radiology,500,,open,,,,,,,False,False,machine_only,https://portal.imaging.datacommons.cancer.gov/explore/?collection_id=ea1141
cbio-gist-msk-2022,"Gastrointestinal Stromal Tumor (MSK, NPJ Precis Oncol 2023)",gist_msk_2022,cBioPortal,Investigator-initiated cohort (harmonized in cBioPortal),,Gastrointestinal Stromal Tumor,soft_tissue,SOFT_TISSUE,single,copy_number; structural_variant; targeted_dna; treatment,499,499,open,True,35.4,False,,15,,False,False,machine_only,https://www.cbioportal.org/study/summary?id=gist_msk_2022
cbio-mbl-dkfz-2017,"Medulloblastoma (DKFZ, Nature 2017)",mbl_dkfz_2017,cBioPortal,Investigator-initiated cohort (harmonized in cBioPortal),,Medulloblastoma,embt,BRAIN,single,structural_variant; targeted_dna,491,491,open,,,False,,920,,False,False,machine_only,https://www.cbioportal.org/study/summary?id=mbl_dkfz_2017
cbio-chol-icgc-2017,"Cholangiocarcinoma (ICGC, Cancer Discov 2017)",chol_icgc_2017,cBioPortal,Investigator-initiated cohort (harmonized in cBioPortal),,Cholangiocarcinoma,ipn,BILIARY_TRACT,single,targeted_dna,489,489,open,True,18.3,False,,772,,False,False,machine_only,https://www.cbioportal.org/study/summary?id=chol_icgc_2017
gdc-nciccr-dlbcl,Genomic Variation in Diffuse Large B Cell Lymphomas,NCICCR-DLBCL,GDC,NCICCR,NCICCR,Mature B-Cell Lymphomas,Lymph nodes,LYMPH,single,rna_seq; structural_variant; targeted_dna; wxs,489,,mixed,True,60.7,False,24,,0.126,False,False,machine_only,https://portal.gdc.cancer.gov/projects/NCICCR-DLBCL
cbio-egc-mskcc-2020,"Esophageal/Stomach Cancer (MSK, 2020)",egc_mskcc_2020,cBioPortal,Investigator-initiated cohort (harmonized in cBioPortal),,Esophagus/Stomach,tissue,STOMACH,single,copy_number; structural_variant; targeted_dna,487,487,open,True,21.0,False,,21,,False,False,machine_only,https://www.cbioportal.org/study/summary?id=egc_mskcc_2020
htan-the-lung-pre-cancer-atlas,The Lung Pre-Cancer Atlas,HTA3,HTAN,Human Tumor Atlas Network,HTAN,,,LUNG,title_derived,bulk_dna; rna_seq; scrna_seq; spatial_proteomics,484,,mixed,True,,,0,43,-1.646,True,False,machine_only,https://humantumoratlas.org/explore
cbio-crc-apc-impact-2020,"Colorectal Cancer (MSK, Gastroenterology 2020)",crc_apc_impact_2020,cBioPortal,Investigator-initiated cohort (harmonized in cBioPortal),,Colorectal Adenocarcinoma,bowel,BOWEL,single,copy_number; structural_variant; targeted_dna,471,471,open,True,18.8,False,,47,,False,False,machine_only,https://www.cbioportal.org/study/summary?id=crc_apc_impact_2020
gdc-tcga-skcm,Skin Cutaneous Melanoma,TCGA-SKCM,GDC,TCGA,TCGA,Nevi and Melanomas,"Adrenal gland; Anus and anal canal; Bones, joints and articular cartilage of other and unspecified sites; Brain; Breast; Bronchus and lung; Colon; Connective, subcutaneous and other soft tissues",SKIN,single,atac_seq; clinical; copy_number; histopathology; methylation; mirna; protein_array; radiology; rna_seq; structural_variant; wgs; wxs,470,,mixed,True,36.4,True,796,,0.819,False,False,machine_only,https://portal.gdc.cancer.gov/projects/TCGA-SKCM
cbio-gist-msk-2023,"Gastrointestinal Stromal Tumors (MSK, Clin Cancer Res 2023)",gist_msk_2023,cBioPortal,Investigator-initiated cohort (harmonized in cBioPortal),,Gastrointestinal Stromal Tumor,soft_tissue,SOFT_TISSUE,single,copy_number; structural_variant; targeted_dna,469,469,open,True,39.6,False,,25,,False,False,machine_only,https://www.cbioportal.org/study/summary?id=gist_msk_2023
gdc-tcga-coad,Colon Adenocarcinoma,TCGA-COAD,GDC,TCGA,TCGA,"Epithelial Neoplasms, NOS; Adenomas and Adenocarcinomas; Cystic, Mucinous and Serous Neoplasms; Complex Epithelial Neoplasms",Colon; Rectosigmoid junction,BOWEL,single,atac_seq; clinical; copy_number; histopathology; methylation; mirna; protein_array; radiology; rna_seq; structural_variant; wgs; wxs,464,,mixed,True,21.6,True,1943,,2.111,False,False,machine_only,https://portal.gdc.cancer.gov/projects/TCGA-COAD
cbio-paad-qcmg-uq-2016,"Pancreatic Adenocarcinoma (QCMG, Nature 2016)",paad_qcmg_uq_2016,cBioPortal,Investigator-initiated cohort (harmonized in cBioPortal),,Pancreatic Adenocarcinoma,pancreas,PANCREAS,single,rna_seq; targeted_dna,456,456,open,,,False,,2943,,False,False,machine_only,https://www.cbioportal.org/study/summary?id=paad_qcmg_uq_2016
cbio-prad-mskcc-2017,"Prostate Cancer (MSK, JCO Precis Oncol 2017)",prad_mskcc_2017,cBioPortal,Investigator-initiated cohort (harmonized in cBioPortal),,Prostate Adenocarcinoma,prostate,PROSTATE,single,copy_number; structural_variant; targeted_dna,451,504,open,,,False,,394,,False,False,machine_only,https://www.cbioportal.org/study/summary?id=prad_mskcc_2017
gdc-rebc-thyr,Comprehensive genomic characterization of radiation-related papillary thyroid cancer in the Ukraine,REBC-THYR,GDC,REBC,REBC,"Epithelial Neoplasms, NOS; Adenomas and Adenocarcinomas",Thyroid gland,THYROID,single,copy_number; mirna; rna_seq; structural_variant; wgs,449,,mixed,True,115.0,False,1,138,-0.644,False,True,project_curated,https://portal.gdc.cancer.gov/projects/REBC-THYR
gdc-tcga-stad,Stomach Adenocarcinoma,TCGA-STAD,GDC,TCGA,TCGA,"Adenomas and Adenocarcinomas; Cystic, Mucinous and Serous Neoplasms",Stomach,STOMACH,single,atac_seq; clinical; copy_number; histopathology; methylation; mirna; protein_array; radiology; rna_seq; structural_variant; wgs; wxs,443,,mixed,True,13.9,True,1582,,1.837,False,False,machine_only,https://portal.gdc.cancer.gov/projects/TCGA-STAD
cbio-lms-msk-2024,"Leiomyosarcoma  (MSK, Clin Cancer Res 2024)",lms_msk_2024,cBioPortal,Investigator-initiated cohort (harmonized in cBioPortal),,Mixed Cancer Types,other,,pan_cancer,copy_number; structural_variant; targeted_dna,433,470,open,True,45.0,False,,22,,False,False,machine_only,https://www.cbioportal.org/study/summary?id=lms_msk_2024
cbio-prad-su2c-2019,"Metastatic Prostate Adenocarcinoma (SU2C/PCF Dream Team, PNAS 2019)",prad_su2c_2019,cBioPortal,Investigator-initiated cohort (harmonized in cBioPortal),,Prostate Adenocarcinoma,prostate,PROSTATE,single,copy_number; structural_variant; targeted_dna,429,444,open,True,19.1,False,,1206,,False,False,machine_only,https://www.cbioportal.org/study/summary?id=prad_su2c_2019
cbio-luad-msk-npjpo-2021,"Lung Adenocarcinoma (MSK, NPJ Precision Oncology 2021)",luad_msk_npjpo_2021,cBioPortal,Investigator-initiated cohort (harmonized in cBioPortal),,Lung Adenocarcinoma,nsclc,LUNG,single,copy_number; structural_variant; targeted_dna,426,426,open,,,False,,19,,False,False,machine_only,https://www.cbioportal.org/study/summary?id=luad_msk_npjpo_2021
cbio-prad-mcspc-mskcc-2020,"Metastatic castration-sensitive prostate cancer (MSK, Clin Cancer Res 2020)",prad_mcspc_mskcc_2020,cBioPortal,Investigator-initiated cohort (harmonized in cBioPortal),,Prostate Adenocarcinoma,prostate,PROSTATE,single,copy_number; structural_variant; targeted_dna,424,424,open,,,False,,164,,False,False,machine_only,https://www.cbioportal.org/study/summary?id=prad_mcspc_mskcc_2020
idc-nsclc-radiomics,NSCLC-Radiomics,nsclc_radiomics,IDC,NCI Imaging Data Commons / The Cancer Imaging Archive,IDC,Lung Cancer,Lung,LUNG,single,clinical; radiology,422,,open,,,,,,,False,False,machine_only,https://portal.imaging.datacommons.cancer.gov/explore/?collection_id=nsclc_radiomics
cbio-pancreas-ctdna-msk-2025,"Pancreatic Cancer cfDNA (MSK, J Natl Cancer Inst 2025)",pancreas_ctdna_msk_2025,cBioPortal,Investigator-initiated cohort (harmonized in cBioPortal),,Pancreatic Adenocarcinoma,pancreas,PANCREAS,single,copy_number; structural_variant; targeted_dna,412,412,open,True,12.6,False,,5,,False,False,machine_only,https://www.cbioportal.org/study/summary?id=pancreas_ctdna_msk_2025
cbio-ihch-msk-2021,"Intrahepatic Cholangiocarcinoma (MSK, Hepatology 2021)",ihch_msk_2021,cBioPortal,Investigator-initiated cohort (harmonized in cBioPortal),,Intrahepatic Cholangiocarcinoma,chol,BILIARY_TRACT,single,copy_number; structural_variant; targeted_dna; treatment,412,412,open,True,24.5,False,,139,,False,False,machine_only,https://www.cbioportal.org/study/summary?id=ihch_msk_2021
gdc-tcga-blca,Bladder Urothelial Carcinoma,TCGA-BLCA,GDC,TCGA,TCGA,"Epithelial Neoplasms, NOS; Adenomas and Adenocarcinomas; Squamous Cell Neoplasms; Transitional Cell Papillomas and Carcinomas",Bladder,BLADDER,single,atac_seq; clinical; copy_number; histopathology; methylation; mirna; protein_array; radiology; rna_seq; structural_variant; wgs; wxs,412,,mixed,True,17.5,True,1121,,1.375,False,False,machine_only,https://portal.gdc.cancer.gov/projects/TCGA-BLCA
idc-rms-mutation-prediction,RMS-Mutation-Prediction,rms_mutation_prediction,IDC,NCI Imaging Data Commons / The Cancer Imaging Archive,IDC,Rhabdomyosarcoma,Various,SOFT_TISSUE,single,clinical; radiology; wgs,403,,open,,,,,,,False,False,machine_only,https://portal.imaging.datacommons.cancer.gov/explore/?collection_id=rms_mutation_prediction
cbio-bladder-msk-2023,"Bladder Cancer (MSK, Clin Cancer Res 2023)",bladder_msk_2023,cBioPortal,Investigator-initiated cohort (harmonized in cBioPortal),,Bladder/Urinary Tract,tissue,BLADDER,single,copy_number; structural_variant; targeted_dna,400,526,open,,,False,,63,,False,False,machine_only,https://www.cbioportal.org/study/summary?id=bladder_msk_2023
cbio-pancreas-msk-2024,"Pancreatic Cancer (MSK, Cancer Cell 2024)",pancreas_msk_2024,cBioPortal,Investigator-initiated cohort (harmonized in cBioPortal),,Pancreas,tissue,PANCREAS,single,copy_number; structural_variant; targeted_dna,395,395,open,True,27.5,False,,72,,False,False,machine_only,https://www.cbioportal.org/study/summary?id=pancreas_msk_2024
gdc-cgci-blgsp,Burkitt Lymphoma Genome Sequencing Project,CGCI-BLGSP,GDC,CGCI,CGCI,Mature B-Cell Lymphomas,Hematopoietic and reticuloendothelial systems; Various,LYMPH,single,clinical; copy_number; histopathology; mirna; radiology; rna_seq; structural_variant; targeted_dna; wgs,388,,mixed,True,15.7,True,8,62,-2.645,True,False,machine_only,https://portal.gdc.cancer.gov/projects/CGCI-BLGSP
idc-acrin-6698,ACRIN-6698,acrin_6698,IDC,NCI Imaging Data Commons / The Cancer Imaging Archive,IDC,Breast Cancer,Breast,BREAST,single,clinical; radiology,385,,open,,,,,,,False,False,machine_only,https://portal.imaging.datacommons.cancer.gov/explore/?collection_id=acrin_6698
gdc-target-os,Osteosarcoma,TARGET-OS,GDC,TARGET,TARGET,Osseous and Chondromatous Neoplasms,"Not Reported; Bones, joints and articular cartilage of other and unspecified sites; Bones, joints and articular cartilage of limbs",BONE,single,clinical; copy_number; methylation; rna_seq; structural_variant; targeted_dna; wgs; wxs,383,,mixed,True,36.5,False,266,7,-0.104,False,False,machine_only,https://portal.gdc.cancer.gov/projects/TARGET-OS
idc-psma-pet-ct-lesions,PSMA-PET-CT-Lesions,psma_pet_ct_lesions,IDC,NCI Imaging Data Commons / The Cancer Imaging Archive,IDC,Prostate Cancer,prostate gland,PROSTATE,single,radiology,378,,open,,,,,,,False,False,machine_only,https://portal.imaging.datacommons.cancer.gov/explore/?collection_id=psma_pet_ct_lesions
gdc-tcga-lihc,Liver Hepatocellular Carcinoma,TCGA-LIHC,GDC,TCGA,TCGA,Adenomas and Adenocarcinomas,Liver; Liver and intrahepatic bile ducts,LIVER,single,atac_seq; clinical; copy_number; histopathology; methylation; mirna; protein_array; radiology; rna_seq; structural_variant; wgs; wxs,377,,mixed,True,19.7,True,2991,,2.833,False,False,machine_only,https://portal.gdc.cancer.gov/projects/TCGA-LIHC
cbio-mbn-msk-2024,"Diffuse Large B-Cell Lymphoma (MSK, Haematologica 2024)",mbn_msk_2024,cBioPortal,Investigator-initiated cohort (harmonized in cBioPortal),,Mature B-Cell Neoplasms,nhl,LYMPH,single,copy_number; structural_variant; targeted_dna,363,396,open,True,39.1,False,,9,,False,False,machine_only,https://www.cbioportal.org/study/summary?id=mbn_msk_2024
idc-midrc-ricord-1c,MIDRC-RICORD-1C,midrc_ricord_1c,IDC,NCI Imaging Data Commons / The Cancer Imaging Archive,IDC,COVID-19 (non-cancer),Lung,LUNG,single,clinical; radiology,361,,open,,,,,,,False,False,machine_only,https://portal.imaging.datacommons.cancer.gov/explore/?collection_id=midrc_ricord_1c
idc-pediatric-ct-seg,Pediatric-CT-SEG,pediatric_ct_seg,IDC,NCI Imaging Data Commons / The Cancer Imaging Archive,IDC,Non-Cancer,Various,,non_cancer,radiology,359,,open,,,,,,,False,False,machine_only,https://portal.imaging.datacommons.cancer.gov/explore/?collection_id=pediatric_ct_seg
idc-lung-pet-ct-dx,Lung-PET-CT-Dx,lung_pet_ct_dx,IDC,NCI Imaging Data Commons / The Cancer Imaging Archive,IDC,Lung Cancer,Lung,LUNG,single,radiology,355,,open,,,,,,,False,False,machine_only,https://portal.imaging.datacommons.cancer.gov/explore/?collection_id=lung_pet_ct_dx
cbio-nbl-msk-2023,"Pediatric Neuroblastoma (MSK, Nat Genet 2023)",nbl_msk_2023,cBioPortal,Investigator-initiated cohort (harmonized in cBioPortal),,Neuroblastoma,pns,PNS,single,copy_number; structural_variant; targeted_dna,352,223,open,True,35.1,False,,50,,False,False,machine_only,https://www.cbioportal.org/study/summary?id=nbl_msk_2023
cbio-blca-iatlas-imvigor210-2017,"Metastatic Bladder Urothelial Carcinoma (IMvigor210 Phase II Trial, ESMO Open. 2024) - iAtlas Harmonized",blca_iatlas_imvigor210_2017,cBioPortal,Investigator-initiated cohort (harmonized in cBioPortal),,Bladder Urothelial Carcinoma,bladder,BLADDER,single,rna_seq; targeted_dna,347,347,open,True,8.1,True,,33,,False,False,machine_only,https://www.cbioportal.org/study/summary?id=blca_iatlas_imvigor210_2017
idc-prostatex,PROSTATEx,prostatex,IDC,NCI Imaging Data Commons / The Cancer Imaging Archive,IDC,Prostate Cancer; Non-Cancer,Prostate,PROSTATE,single,radiology,346,,open,,,,,,,False,False,machine_only,https://portal.imaging.datacommons.cancer.gov/explore/?collection_id=prostatex
gdc-cptac-2,"CPTAC-Breast, Colon, Ovary",CPTAC-2,GDC,CPTAC,CPTAC,"Not Reported; Cystic, Mucinous and Serous Neoplasms; Adenomas and Adenocarcinomas; Ductal and Lobular Neoplasms; Squamous Cell Neoplasms",Other and unspecified female genital organs; Colon; Breast; Retroperitoneum and peritoneum; Rectum; Ovary,BOWEL; BREAST; OVARY,several,mirna; rna_seq; structural_variant; wxs,342,,mixed,False,,False,8,,-0.388,False,False,machine_only,https://portal.gdc.cancer.gov/projects/CPTAC-2
gdc-trio-cru,Ukrainian National Research Center for Radiation Medicine Trio Study,TRIO-CRU,GDC,TRIO,TRIO,Not Applicable,,,title_derived,wgs,339,,controlled,False,,False,1,2,1.464,False,False,machine_only,https://portal.gdc.cancer.gov/projects/TRIO-CRU
cbio-difg-glass,Diffuse Glioma (GLASS Consortium),difg_glass,cBioPortal,Investigator-initiated cohort (harmonized in cBioPortal),,Diffuse Glioma,brain,BRAIN,single,copy_number; rna_seq; targeted_dna; treatment,329,693,open,True,32.0,False,,424,,False,False,machine_only,https://www.cbioportal.org/study/summary?id=difg_glass
gdc-tcga-cesc,Cervical Squamous Cell Carcinoma and Endocervical Adenocarcinoma,TCGA-CESC,GDC,TCGA,TCGA,"Adenomas and Adenocarcinomas; Cystic, Mucinous and Serous Neoplasms; Complex Epithelial Neoplasms; Squamous Cell Neoplasms",Cervix; Cervix uteri; Ovary,CERVIX; OVARY,several,atac_seq; clinical; copy_number; histopathology; methylation; mirna; protein_array; radiology; rna_seq; structural_variant; wgs; wxs,307,,mixed,True,21.0,True,481,,0.297,False,False,machine_only,https://portal.gdc.cancer.gov/projects/TCGA-CESC
cbio-egc-msk-2017,"Metastatic Esophagogastric Cancer (MSK, Cancer Discovery 2017)",egc_msk_2017,cBioPortal,Investigator-initiated cohort (harmonized in cBioPortal),,Esophagogastric Adenocarcinoma,stomach,STOMACH,single,copy_number; structural_variant; targeted_dna,305,341,open,True,24.1,False,,313,,False,False,machine_only,https://www.cbioportal.org/study/summary?id=egc_msk_2017
cbio-rectal-msk-2019,"Rectal Cancer (MSK,Nature Medicine 2019)",rectal_msk_2019,cBioPortal,Investigator-initiated cohort (harmonized in cBioPortal),,Colorectal Adenocarcinoma,bowel,BOWEL,single,copy_number; targeted_dna,301,339,open,,,False,,460,,False,False,machine_only,https://www.cbioportal.org/study/summary?id=rectal_msk_2019
cbio-mbn-sfu-2023,"Mature B-Cell Neoplasms (Simon Fraser University, Blood 2023)",mbn_sfu_2023,cBioPortal,Investigator-initiated cohort (harmonized in cBioPortal),,Mature B-Cell Neoplasms,nhl,LYMPH,single,rna_seq; structural_variant; targeted_dna,297,297,open,True,10.2,False,,79,,False,False,machine_only,https://www.cbioportal.org/study/summary?id=mbn_sfu_2023
htan-washington-university-human-tumor-atlas-research-center,Washington University Human Tumor Atlas Research Center,HTA12,HTAN,Human Tumor Atlas Network,HTAN,,,,title_derived,bulk_dna; rna_seq; scatac_seq; scrna_seq; spatial_proteomics; spatial_transcriptomics,295,,mixed,True,,,0,676,-3.004,True,False,machine_only,https://humantumoratlas.org/explore
gdc-tcga-kirp,Kidney Renal Papillary Cell Carcinoma,TCGA-KIRP,GDC,TCGA,TCGA,Adenomas and Adenocarcinomas,Kidney,KIDNEY,single,atac_seq; clinical; copy_number; histopathology; methylation; mirna; protein_array; radiology; rna_seq; structural_variant; wgs; wxs,291,,mixed,True,25.2,True,395,,0.039,False,False,machine_only,https://portal.gdc.cancer.gov/projects/TCGA-KIRP
idc-catch,CATCH,catch,IDC,NCI Imaging Data Commons / The Cancer Imaging Archive,IDC,Melanoma; Squamous Cell Carcinoma; Malignant Peripheral Nerve Sheath Tumor; Skin Fibrous Histiocytoma,skin of body,SKIN,single,radiology,282,,open,,,,,,,False,False,machine_only,https://portal.imaging.datacommons.cancer.gov/explore/?collection_id=catch
cbio-es-dsrct-msk-2023,"Ewing Sarcoma (MSK, Cancer Research 2024)",es_dsrct_msk_2023,cBioPortal,Investigator-initiated cohort (harmonized in cBioPortal),,Ewing Sarcoma,bone,BONE,single,copy_number; structural_variant; targeted_dna,277,290,open,True,19.7,False,,9,,False,False,machine_only,https://www.cbioportal.org/study/summary?id=es_dsrct_msk_2023
cbio-appendiceal-msk-2022,"Appendiceal Cancer (MSK, J Clin Oncol 2022)",appendiceal_msk_2022,cBioPortal,Investigator-initiated cohort (harmonized in cBioPortal),,Appendiceal Adenocarcinoma,bowel,BOWEL,single,copy_number; structural_variant; targeted_dna,273,273,open,True,25.0,True,,58,,False,False,machine_only,https://www.cbioportal.org/study/summary?id=appendiceal_msk_2022
gdc-ccg-cupp,Center for Cancer Genomics (CCG) Cancers of Unknown Primary Project (CUPP),CCG-CUPP,GDC,CCG,CCG,"Ductal and Lobular Neoplasms; Transitional Cell Papillomas and Carcinomas; Germ Cell Neoplasms; Neoplasms, NOS; Myomatous Neoplasms; Adnexal and Skin Appendage Neoplasms; Complex Epithelial Neoplasms; Squamous Cell Neoplasms",Unknown,,not_stated,clinical; copy_number; histopathology; methylation; mirna; rna_seq; structural_variant; wgs; wxs,272,,mixed,True,6.5,True,0,,,False,False,machine_only,https://portal.gdc.cancer.gov/projects/CCG-CUPP
cbio-rcc-iatlas-immotion150-2018,"Renal Cell Carcinoma (IMmotion150 Clinical Trial, Nat Med. 2018) - iAtlas Harmonized",rcc_iatlas_immotion150_2018,cBioPortal,Investigator-initiated cohort (harmonized in cBioPortal),,Renal Cell Carcinoma,kidney,KIDNEY,single,rna_seq; targeted_dna,263,263,open,True,5.8,True,,1010,,False,False,machine_only,https://www.cbioportal.org/study/summary?id=rcc_iatlas_immotion150_2018
gdc-tcga-tgct,Testicular Germ Cell Tumors,TCGA-TGCT,GDC,TCGA,TCGA,Germ Cell Neoplasms,Testicles; Testis,TESTIS,single,atac_seq; clinical; copy_number; histopathology; methylation; mirna; protein_array; radiology; rna_seq; structural_variant; wgs; wxs,263,,mixed,True,51.2,True,395,,0.088,False,False,machine_only,https://portal.gdc.cancer.gov/projects/TCGA-TGCT
gdc-tcga-sarc,Sarcoma,TCGA-SARC,GDC,TCGA,TCGA,"Lipomatous Neoplasms; Fibromatous Neoplasms; Synovial-like Neoplasms; Myomatous Neoplasms; Nerve Sheath Tumors; Soft Tissue Tumors and Sarcomas, NOS","Bones, joints and articular cartilage of limbs; Chest-Abdomen-Pelvis; Colon; Connective, subcutaneous and other soft tissues; Corpus uteri; Kidney; Leg; Meninges",SOFT_TISSUE,single,clinical; copy_number; histopathology; methylation; mirna; protein_array; radiology; rna_seq; structural_variant; wgs; wxs,261,,mixed,True,30.8,False,395,,0.297,False,False,machine_only,https://portal.gdc.cancer.gov/projects/TCGA-SARC
pdc-cptac-rcc-combined-study,CPTAC RCC Combined Study,PDC000613,PDC,Clinical Proteomic Tumor Analysis Consortium,Clinical Proteomic Tumor Analysis Consortium,,,KIDNEY,title_derived,proteome,260,,open,,,,0,2,-0.45,False,False,machine_only,https://pdc.cancer.gov/pdc/study/PDC000613
idc-cptac-ucec,CPTAC-UCEC,cptac_ucec,IDC,NCI Imaging Data Commons / The Cancer Imaging Archive,IDC,Corpus Endometrial Carcinoma,Uterus,UTERUS,single,clinical; proteome; radiology; wgs,254,,open,,,,,,,False,False,machine_only,https://portal.imaging.datacommons.cancer.gov/explore/?collection_id=cptac_ucec
idc-cc-radiomics-phantom-2,CC-Radiomics-Phantom-2,cc_radiomics_phantom_2,IDC,NCI Imaging Data Commons / The Cancer Imaging Archive,IDC,Phantom,Phantom,,non_cancer,radiology,251,,open,,,,,,,False,False,machine_only,https://portal.imaging.datacommons.cancer.gov/explore/?collection_id=cc_radiomics_phantom_2
cbio-lung-msk-mind-2020,"Lung Adenocarcinoma (MSK Mind,Nature Cancer 2022)",lung_msk_mind_2020,cBioPortal,Investigator-initiated cohort (harmonized in cBioPortal),,Lung,tissue,LUNG,single,copy_number; structural_variant; targeted_dna,247,247,open,True,2.7,False,,301,,False,False,machine_only,https://www.cbioportal.org/study/summary?id=lung_msk_mind_2020
htan-pre-cancer-atlases-of-cutaneous-and-hematologic-origin,Pre-Cancer Atlases of Cutaneous and Hematologic Origin,HTA7,HTAN,Human Tumor Atlas Network,HTAN,,,SKIN,title_derived,rna_seq; spatial_proteomics,245,,mixed,True,,,0,456,-0.742,False,False,machine_only,https://humantumoratlas.org/explore
idc-bonemarrowwsi-pediatricleukemia,BoneMarrowWSI-PediatricLeukemia,bonemarrowwsi_pediatricleukemia,IDC,NCI Imaging Data Commons / The Cancer Imaging Archive,IDC,Leukemia,Bone Marrow,LYMPH; MYELOID,several,clinical; radiology,245,,open,,,,,,,False,False,machine_only,https://portal.imaging.datacommons.cancer.gov/explore/?collection_id=bonemarrowwsi_pediatricleukemia
cbio-pptc-2019,"Pediatric Preclinical Testing Consortium  (CHOP, Cell Rep 2019)",pptc_2019,cBioPortal,Investigator-initiated cohort (harmonized in cBioPortal),,Mixed Cancer Types,other,,pan_cancer,copy_number; rna_seq; structural_variant; targeted_dna,244,261,open,,,False,,143,,False,False,machine_only,https://www.cbioportal.org/study/summary?id=pptc_2019
idc-cptac-luad,CPTAC-LUAD,cptac_luad,IDC,NCI Imaging Data Commons / The Cancer Imaging Archive,IDC,Lung Adenocarcinoma,Lung,LUNG,single,clinical; proteome; radiology; wgs,244,,open,,,,,,,False,False,machine_only,https://portal.imaging.datacommons.cancer.gov/explore/?collection_id=cptac_luad
idc-rider-lung-pet-ct,RIDER Lung PET-CT,rider_lung_pet_ct,IDC,NCI Imaging Data Commons / The Cancer Imaging Archive,IDC,Lung Cancer,Lung,LUNG,single,radiology,243,,open,,,,,,,False,False,machine_only,https://portal.imaging.datacommons.cancer.gov/explore/?collection_id=rider_lung_pet_ct
idc-acrin-nsclc-fdg-pet,ACRIN-NSCLC-FDG-PET,acrin_nsclc_fdg_pet,IDC,NCI Imaging Data Commons / The Cancer Imaging Archive,IDC,Non-small Cell Lung Cancer,Lung,LUNG,single,clinical; radiology,242,,open,,,,,,,False,False,machine_only,https://portal.imaging.datacommons.cancer.gov/explore/?collection_id=acrin_nsclc_fdg_pet
idc-vestibular-schwannoma-seg,Vestibular-Schwannoma-SEG,vestibular_schwannoma_seg,IDC,NCI Imaging Data Commons / The Cancer Imaging Archive,IDC,Vestibular Schwannoma (non-cancer),Brain,BRAIN,single,radiology,242,,open,,,,,,,False,False,machine_only,https://portal.imaging.datacommons.cancer.gov/explore/?collection_id=vestibular_schwannoma_seg
cbio-nbl-broad-2013,"Neuroblastoma (Broad, Nat Genet 2013)",nbl_broad_2013,cBioPortal,Investigator-initiated cohort (harmonized in cBioPortal),,Neuroblastoma,pns,PNS,single,structural_variant; targeted_dna,240,240,open,True,23.9,False,,989,,False,False,machine_only,https://www.cbioportal.org/study/summary?id=nbl_broad_2013
cbio-nsclc-pd1-msk-2018,"Non-Small Cell Lung Cancer (MSK, J Clin Oncol 2018)",nsclc_pd1_msk_2018,cBioPortal,Investigator-initiated cohort (harmonized in cBioPortal),,Non-Small Cell Lung Cancer,lung,LUNG,single,copy_number; structural_variant; targeted_dna,240,240,open,True,3.2,False,,1150,,False,False,machine_only,https://www.cbioportal.org/study/summary?id=nsclc_pd1_msk_2018
cbio-prad-mskcc,"Prostate Adenocarcinoma (MSK, Cancer Cell 2010)",prad_mskcc,cBioPortal,Investigator-initiated cohort (harmonized in cBioPortal),,Prostate Adenocarcinoma,prostate,PROSTATE,single,copy_number; mirna; rna_seq; targeted_dna,238,240,open,True,45.5,False,,3122,,False,False,machine_only,https://www.cbioportal.org/study/summary?id=prad_mskcc
cbio-egc-msk-tp53-ccr-2022,"Esophagogastric Cancer (MSK, Clin Cancer Res 2022)",egc_msk_tp53_ccr_2022,cBioPortal,Investigator-initiated cohort (harmonized in cBioPortal),,Esophagogastric Adenocarcinoma,stomach,STOMACH,single,copy_number; structural_variant; targeted_dna,237,237,open,True,24.6,False,,15,,False,False,machine_only,https://www.cbioportal.org/study/summary?id=egc_msk_tp53_ccr_2022
cbio-bm-nsclc-mskcc-2023,"Non-Small Cell Lung Cancer Brain Metastasis (MSK, Nat Commun 2023)",bm_nsclc_mskcc_2023,cBioPortal,Investigator-initiated cohort (harmonized in cBioPortal),,Non-Small Cell Lung Cancer,lung,LUNG,single,copy_number; structural_variant; targeted_dna,233,322,open,True,21.5,False,,65,,False,False,machine_only,https://www.cbioportal.org/study/summary?id=bm_nsclc_mskcc_2023
cbio-gbc-mskcc-2022,"Gallbladder Cancer (MSK, 2022)",gbc_mskcc_2022,cBioPortal,Investigator-initiated cohort (harmonized in cBioPortal),,Gallbladder Cancer,icpn,BILIARY_TRACT,single,copy_number; structural_variant; targeted_dna,233,244,open,True,19.6,False,,49,,False,False,machine_only,https://www.cbioportal.org/study/summary?id=gbc_mskcc_2022
idc-cptac-ccrcc,CPTAC-CCRCC,cptac_ccrcc,IDC,NCI Imaging Data Commons / The Cancer Imaging Archive,IDC,Clear Cell Carcinoma,Kidney,KIDNEY,single,clinical; proteome; radiology; wgs,233,,open,,,,,,,False,False,machine_only,https://portal.imaging.datacommons.cancer.gov/explore/?collection_id=cptac_ccrcc
cbio-lung-nci-2022,"Lung Cancer in Never Smokers (NCI, Nature Genetics 2021)",lung_nci_2022,cBioPortal,Investigator-initiated cohort (harmonized in cBioPortal),,Lung Adenocarcinoma,nsclc,LUNG,single,structural_variant; targeted_dna,232,232,open,True,49.8,False,,206,,False,False,machine_only,https://www.cbioportal.org/study/summary?id=lung_nci_2022
idc-stageii-colorectal-ct,StageII-Colorectal-CT,stageii_colorectal_ct,IDC,NCI Imaging Data Commons / The Cancer Imaging Archive,IDC,Colorectal Cancer,Abdomen; Pelvis,BOWEL,single,radiology,230,,open,,,,,,,False,False,machine_only,https://portal.imaging.datacommons.cancer.gov/explore/?collection_id=stageii_colorectal_ct
cbio-blca-bcan-hcrn-2022,"Urothelial Carcinoma (BCAN/HCRN, Nat Commun 2022)",blca_bcan_hcrn_2022,cBioPortal,Investigator-initiated cohort (harmonized in cBioPortal),,Bladder Urothelial Carcinoma,bladder,BLADDER,single,rna_seq; targeted_dna,223,192,open,,,False,,52,,False,False,machine_only,https://www.cbioportal.org/study/summary?id=blca_bcan_hcrn_2022
cbio-difg-glass-2019,"Diffuse Glioma (GLASS Consortium, Nature 2019)",difg_glass_2019,cBioPortal,Investigator-initiated cohort (harmonized in cBioPortal),,Diffuse Glioma,brain,BRAIN,single,rna_seq; targeted_dna,222,444,open,True,37.0,False,,480,,False,False,machine_only,https://www.cbioportal.org/study/summary?id=difg_glass_2019
idc-ispy1,ISPY1,ispy1,IDC,NCI Imaging Data Commons / The Cancer Imaging Archive,IDC,Breast Cancer,Breast,BREAST,single,clinical; radiology,222,,open,,,,,,,False,False,machine_only,https://portal.imaging.datacommons.cancer.gov/explore/?collection_id=ispy1
cbio-ihch-mskcc-2020,"Intrahepatic Cholangiocarcinoma (MSK, Clin Cancer Res 2021)",ihch_mskcc_2020,cBioPortal,Investigator-initiated cohort (harmonized in cBioPortal),,Intrahepatic Cholangiocarcinoma,chol,BILIARY_TRACT,single,copy_number; structural_variant; targeted_dna,219,219,open,,,False,,42,,False,False,machine_only,https://www.cbioportal.org/study/summary?id=ihch_mskcc_2020
gdc-cgci-htmcp-cc,HIV+ Tumor Molecular Characterization Project - Cervical Cancer,CGCI-HTMCP-CC,GDC,CGCI,CGCI,"Epithelial Neoplasms, NOS; Adenomas and Adenocarcinomas; Complex Epithelial Neoplasms; Squamous Cell Neoplasms",Cervix uteri; uterine cervix,CERVIX,single,clinical; copy_number; histopathology; methylation; mirna; radiology; rna_seq; structural_variant; targeted_dna; wgs,212,,mixed,True,13.2,True,21,70,-0.892,False,True,project_curated,https://portal.gdc.cancer.gov/projects/CGCI-HTMCP-CC
idc-cptac-lscc,CPTAC-LSCC,cptac_lscc,IDC,NCI Imaging Data Commons / The Cancer Imaging Archive,IDC,Squamous Cell Carcinoma,Lung,LUNG,single,clinical; proteome; radiology; wgs,212,,open,,,,,,,False,False,machine_only,https://portal.imaging.datacommons.cancer.gov/explore/?collection_id=cptac_lscc
cbio-mm-broad,"Multiple Myeloma (Broad, Cancer Cell 2014)",mm_broad,cBioPortal,Investigator-initiated cohort (harmonized in cBioPortal),,Plasma Cell Myeloma,mbn,LYMPH,single,targeted_dna,211,211,open,,,False,,812,,False,False,machine_only,https://www.cbioportal.org/study/summary?id=mm_broad
idc-nsclc-radiogenomics,NSCLC Radiogenomics,nsclc_radiogenomics,IDC,NCI Imaging Data Commons / The Cancer Imaging Archive,IDC,Non-small Cell Lung Cancer,Chest,LUNG,single,clinical; radiology; wgs,211,,open,,,,3,202,-6.175,True,True,project_curated,https://portal.imaging.datacommons.cancer.gov/explore/?collection_id=nsclc_radiogenomics
pdc-beat-aml-baseline-clinical,Beat AML Baseline Clinical,PDC000478,PDC,Clinical Proteomic Tumor Analysis Consortium,Clinical Proteomic Tumor Analysis Consortium,Acute Myeloid Leukemia; Other Leukemias; Myelodysplastic Syndromes,Hematopoietic and reticuloendothelial systems,MYELOID,single,phosphoproteome; proteome,211,,open,True,11.0,False,2,19,-0.895,False,False,machine_only,https://pdc.cancer.gov/pdc/study/PDC000478
idc-c4kc-kits,C4KC-KiTS,c4kc_kits,IDC,NCI Imaging Data Commons / The Cancer Imaging Archive,IDC,Kidney Cancer,Kidney,KIDNEY,single,radiology,210,,open,,,,,,,False,False,machine_only,https://portal.imaging.datacommons.cancer.gov/explore/?collection_id=c4kc_kits
cbio-sarc-mskcc,"Sarcoma (MSKCC/Broad, Nat Genet 2010)",sarc_mskcc,cBioPortal,Investigator-initiated cohort (harmonized in cBioPortal),,Soft Tissue,tissue,SOFT_TISSUE,single,copy_number; rna_seq; targeted_dna,207,207,open,,,False,,599,,False,False,machine_only,https://www.cbioportal.org/study/summary?id=sarc_mskcc
pdc-pediatric-brain-cancer-pilot-study,Pediatric Brain Cancer Pilot Study,PDC000176,PDC,Pediatric Brain Tumor Atlas - CBTN,Pediatric Brain Tumor Atlas - CBTN,Pediatric/AYA Brain Tumors,Brain,BRAIN,single,phosphoproteome; proteome,207,,open,True,141.2,False,6,10,-0.482,False,False,machine_only,https://pdc.cancer.gov/pdc/study/PDC000176
htan-human-tumor-atlas-pilot-project-htapp,Human Tumor Atlas Pilot Project (HTAPP),HTA1,HTAN,Human Tumor Atlas Network,HTAN,,,,title_derived,bulk_dna; other; rna_seq; scrna_seq; spatial_proteomics; spatial_transcriptomics,205,,mixed,True,,,0,856,-3.433,True,False,machine_only,https://humantumoratlas.org/explore
htan-transition-to-metastatic-state-lung-cancer-pancreatic-cancer-and-brain,"Transition to Metastatic State: Lung Cancer, Pancreatic Cancer and Brain Metastasis",HTA8,HTAN,Human Tumor Atlas Network,HTAN,,,BRAIN; LUNG; PANCREAS,title_derived,scrna_seq; spatial_proteomics,202,,mixed,True,,,0,611,-1.252,False,False,machine_only,https://humantumoratlas.org/explore
cbio-blca-msk-2025,"Bladder Cancer (MSK, Eur Urol Open Sci 2025)",blca_msk_2025,cBioPortal,Investigator-initiated cohort (harmonized in cBioPortal),,Bladder Urothelial Carcinoma,bladder,BLADDER,single,copy_number; structural_variant; targeted_dna,201,308,open,,,False,,5,,False,False,machine_only,https://www.cbioportal.org/study/summary?id=blca_msk_2025
gdc-cmi-mbc,Count Me In (CMI): The Metastatic Breast Cancer (MBC) Project,CMI-MBC,GDC,CMI,CMI,Ductal and Lobular Neoplasms,Breast,BREAST,single,rna_seq; structural_variant; wxs,200,,mixed,False,,False,7,20,1.309,False,False,machine_only,https://portal.gdc.cancer.gov/projects/CMI-MBC
gdc-tcga-laml,Acute Myeloid Leukemia,TCGA-LAML,GDC,TCGA,TCGA,Myeloid Leukemias,Hematopoietic and reticuloendothelial systems,MYELOID,single,clinical; copy_number; methylation; mirna; rna_seq; structural_variant; wgs; wxs,200,,mixed,True,12.0,False,441,,1.321,False,False,machine_only,https://portal.gdc.cancer.gov/projects/TCGA-LAML
idc-ldct-and-projection-data,LDCT-and-Projection-data,ldct_and_projection_data,IDC,NCI Imaging Data Commons / The Cancer Imaging Archive,IDC,Lung Cancer,Lung; abdomen,LUNG,single,radiology,200,,open,,,,,,,False,False,machine_only,https://portal.imaging.datacommons.cancer.gov/explore/?collection_id=ldct_and_projection_data
cbio-brain-cptac-2020,"Pediatric Brain Cancer (CPTAC/CHOP, Cell 2020)",brain_cptac_2020,cBioPortal,Investigator-initiated cohort (harmonized in cBioPortal),,CNS/Brain,tissue,BRAIN,single,copy_number; protein_array; rna_seq; targeted_dna,199,218,open,True,35.0,False,,283,,False,False,machine_only,https://www.cbioportal.org/study/summary?id=brain_cptac_2020
idc-cptac-brca,CPTAC-BRCA,cptac_brca,IDC,NCI Imaging Data Commons / The Cancer Imaging Archive,IDC,Breast Cancer,Breast,BREAST,single,clinical; proteome; radiology; wgs,198,,open,,,,,,,False,False,machine_only,https://portal.imaging.datacommons.cancer.gov/explore/?collection_id=cptac_brca
idc-colorectal-liver-metastases,Colorectal-Liver-Metastases,colorectal_liver_metastases,IDC,NCI Imaging Data Commons / The Cancer Imaging Archive,IDC,Colorectal Cancer,Colon,BOWEL,single,clinical; radiology,197,,open,,,,,,,False,False,machine_only,https://portal.imaging.datacommons.cancer.gov/explore/?collection_id=colorectal_liver_metastases
htan-colon-molecular-atlas-project,Colon Molecular Atlas Project,HTA11,HTAN,Human Tumor Atlas Network,HTAN,,,BOWEL,title_derived,bulk_dna; scrna_seq; spatial_proteomics; spatial_transcriptomics,195,,mixed,True,,,0,415,-2.546,True,False,machine_only,https://humantumoratlas.org/explore
idc-cptac-pda,CPTAC-PDA,cptac_pda,IDC,NCI Imaging Data Commons / The Cancer Imaging Archive,IDC,Ductal Adenocarcinoma,Pancreas,PANCREAS,single,clinical; proteome; radiology; wgs,195,,open,,,,,,,False,False,machine_only,https://portal.imaging.datacommons.cancer.gov/explore/?collection_id=cptac_pda
pdc-simm-gallbladder-cancer,SIMM Gallbladder Cancer,PDC000607,PDC,International Cancer Proteogenome Consortium,International Cancer Proteogenome Consortium,"Epithelial Neoplasms, NOS",Gallbladder,BILIARY_TRACT,single,phosphoproteome; proteome,195,,open,,,False,0,,,False,False,machine_only,https://pdc.cancer.gov/pdc/study/PDC000607
pdc-cptac-stad-study,CPTAC STAD Study,PDC000622,PDC,Clinical Proteomic Tumor Analysis Consortium,Clinical Proteomic Tumor Analysis Consortium,Stomach Adenocarcinoma; Early Onset Gastric Cancer,Stomach,STOMACH,single,acetylproteome; glycoproteome; metabolome; other; phosphoproteome; proteome; ubiquitylome,193,,open,True,24.5,True,1,1,-1.279,False,True,project_curated,https://pdc.cancer.gov/pdc/study/PDC000622
cbio-chol-msk-2018,"Cholangiocarcinoma (MSK, Clin Cancer Res 2018)",chol_msk_2018,cBioPortal,Investigator-initiated cohort (harmonized in cBioPortal),,Cholangiocarcinoma,ipn,BILIARY_TRACT,single,copy_number; structural_variant; targeted_dna,192,195,open,True,31.6,False,,481,,False,False,machine_only,https://www.cbioportal.org/study/summary?id=chol_msk_2018
gdc-target-all-p3,Acute Lymphoblastic Leukemia - Phase III,TARGET-ALL-P3,GDC,TARGET,TARGET,"Leukemias, NOS; Myeloid Leukemias; Not Applicable; Lymphoid Leukemias",Unknown; Hematopoietic and reticuloendothelial systems,LYMPH; MYELOID,several,clinical; copy_number; methylation; mirna; rna_seq; structural_variant; wgs; wxs,191,,mixed,True,28.9,False,105,,-0.505,False,False,machine_only,https://portal.gdc.cancer.gov/projects/TARGET-ALL-P3
cbio-ucec-msk-2018,"Endometrial Cancer (MSK, 2018)",ucec_msk_2018,cBioPortal,Investigator-initiated cohort (harmonized in cBioPortal),,Endometrial Carcinoma,uterus,UTERUS,single,copy_number; structural_variant; targeted_dna,189,197,open,,,False,,101,,False,False,machine_only,https://www.cbioportal.org/study/summary?id=ucec_msk_2018
gdc-tcga-esca,Esophageal Carcinoma,TCGA-ESCA,GDC,TCGA,TCGA,"Adenomas and Adenocarcinomas; Cystic, Mucinous and Serous Neoplasms; Squamous Cell Neoplasms",Esophagus; Stomach,STOMACH,single,atac_seq; clinical; copy_number; histopathology; methylation; mirna; protein_array; radiology; rna_seq; structural_variant; wgs; wxs,185,,mixed,True,13.1,True,395,,0.256,False,False,machine_only,https://portal.gdc.cancer.gov/projects/TCGA-ESCA
gdc-tcga-paad,Pancreatic Adenocarcinoma,TCGA-PAAD,GDC,TCGA,TCGA,"Epithelial Neoplasms, NOS; Ductal and Lobular Neoplasms; Cystic, Mucinous and Serous Neoplasms; Adenomas and Adenocarcinomas",Pancreas,PANCREAS,single,clinical; copy_number; histopathology; methylation; mirna; protein_array; radiology; rna_seq; structural_variant; wgs; wxs,185,,mixed,True,15.3,True,989,,1.783,False,False,machine_only,https://portal.gdc.cancer.gov/projects/TCGA-PAAD
cbio-blca-msk-2024,"Bladder Urothelial Carcinoma SWOG S1314 Trial (MSK, JCO Precis Oncol 2024)",blca_msk_2024,cBioPortal,Investigator-initiated cohort (harmonized in cBioPortal),,Bladder Urothelial Carcinoma,bladder,BLADDER,single,copy_number; structural_variant; targeted_dna,184,184,open,,,False,,7,,False,False,machine_only,https://www.cbioportal.org/study/summary?id=blca_msk_2024
cbio-luad-broad,"Lung Adenocarcinoma (Broad, Cell 2012)",luad_broad,cBioPortal,Investigator-initiated cohort (harmonized in cBioPortal),,Lung Adenocarcinoma,nsclc,LUNG,single,copy_number; targeted_dna,183,183,open,True,9.1,False,,1532,,False,False,machine_only,https://www.cbioportal.org/study/summary?id=luad_broad
cbio-ucec-ccr-msk-2022,"Endometrial Carcinoma MSI (MSK, Clin Cancer Res 2022)",ucec_ccr_msk_2022,cBioPortal,Investigator-initiated cohort (harmonized in cBioPortal),,Endometrial Carcinoma,uterus,UTERUS,single,targeted_dna,181,181,open,,,,,63,,False,False,machine_only,https://www.cbioportal.org/study/summary?id=ucec_ccr_msk_2022
cbio-gct-msk-2016,"Germ Cell Tumors (MSK, J Clin Oncol 2016)",gct_msk_2016,cBioPortal,Investigator-initiated cohort (harmonized in cBioPortal),,Testis,tissue,TESTIS,single,copy_number; structural_variant; targeted_dna,180,180,open,True,8.4,False,,167,,False,False,machine_only,https://www.cbioportal.org/study/summary?id=gct_msk_2016
gdc-tcga-pcpg,Pheochromocytoma and Paraganglioma,TCGA-PCPG,GDC,TCGA,TCGA,Paragangliomas and Glomus Tumors,"Adrenal Glands; Adrenal gland; Connective, subcutaneous and other soft tissues; Heart, mediastinum, and pleura; Other and ill-defined sites; Other endocrine glands and related structures; Retroperitoneum and peritoneum; Spinal cord, cranial nerves, and other parts of central nervous system",ADRENAL_GLAND,single,atac_seq; clinical; copy_number; histopathology; methylation; mirna; protein_array; radiology; rna_seq; structural_variant; wgs; wxs,179,,mixed,True,24.8,True,395,,0.272,False,False,machine_only,https://portal.gdc.cancer.gov/projects/TCGA-PCPG
idc-cptac-coad,CPTAC-COAD,cptac_coad,IDC,NCI Imaging Data Commons / The Cancer Imaging Archive,IDC,Colon Cancer,Colon,BOWEL,single,clinical; proteome; radiology; wgs,178,,open,,,,,,,False,False,machine_only,https://portal.imaging.datacommons.cancer.gov/explore/?collection_id=cptac_coad
idc-cptac-gbm,CPTAC-GBM,cptac_gbm,IDC,NCI Imaging Data Commons / The Cancer Imaging Archive,IDC,Glioblastoma Multiforme,Brain,BRAIN,single,clinical; proteome; radiology; wgs,178,,open,,,,,,,False,False,machine_only,https://portal.imaging.datacommons.cancer.gov/explore/?collection_id=cptac_gbm
cbio-cervix-msk-2023,"Cervical Cancer (MSK, Clin Cancer Res 2023)",cervix_msk_2023,cBioPortal,Investigator-initiated cohort (harmonized in cBioPortal),,Cervix,tissue,CERVIX,single,copy_number; structural_variant; targeted_dna,177,177,open,True,25.0,False,,20,,False,False,machine_only,https://www.cbioportal.org/study/summary?id=cervix_msk_2023
gdc-ohsu-cnl,Philadelphia-Negative Neutrophilic Leukemias (CNL/aCML/MDS/MPNu),OHSU-CNL,GDC,OHSU,OHSU,Chronic Myeloproliferative Disorders,Hematopoietic and reticuloendothelial systems,MYELOID,single,rna_seq; structural_variant; wxs,176,,mixed,True,19.1,False,3,74,-1.086,False,False,machine_only,https://portal.gdc.cancer.gov/projects/OHSU-CNL
idc-ct-lymph-nodes,CT Lymph Nodes,ct_lymph_nodes,IDC,NCI Imaging Data Commons / The Cancer Imaging Archive,IDC,Lymphadenopathy (non-cancer),Abdomen; Mediastinum,,non_cancer,radiology,176,,open,,,,,,,False,False,machine_only,https://portal.imaging.datacommons.cancer.gov/explore/?collection_id=ct_lymph_nodes
cbio-bowel-colitis-msk-2022,"Colorectal Adenocarcinoma (MSK, Nat Commun 2022)",bowel_colitis_msk_2022,cBioPortal,Investigator-initiated cohort (harmonized in cBioPortal),,Bowel,tissue,BOWEL,single,copy_number; structural_variant; targeted_dna,175,179,open,True,21.4,False,,49,,False,False,machine_only,https://www.cbioportal.org/study/summary?id=bowel_colitis_msk_2022
idc-pdmr-texture-analysis,PDMR-Texture-Analysis,pdmr_texture_analysis,IDC,NCI Imaging Data Commons / The Cancer Imaging Archive,IDC,Ewing sarcoma - Peripheral PNET; Melanoma; Neuroendocrine cancer (NOS); Osteosarcoma; Anal Squamous Cell Carcinoma; Urothelial - bladder cancer (NOS); Pancreatic Adenocarcinoma; Rectal Adenocarcinoma,Arm; Bladder; Buttock; Colon; Liver; Myometrium; Pancreas; Rectum,,pan_cancer,radiology,175,,open,,,,,,,False,False,machine_only,https://portal.imaging.datacommons.cancer.gov/explore/?collection_id=pdmr_texture_analysis
gdc-tcga-read,Rectum Adenocarcinoma,TCGA-READ,GDC,TCGA,TCGA,"Adenomas and Adenocarcinomas; Cystic, Mucinous and Serous Neoplasms","Colon; Connective, subcutaneous and other soft tissues; Rectosigmoid junction; Rectum; Unknown",BOWEL,single,clinical; copy_number; histopathology; methylation; mirna; protein_array; radiology; rna_seq; structural_variant; wgs; wxs,172,,mixed,True,20.0,True,499,,0.833,False,False,machine_only,https://portal.gdc.cancer.gov/projects/TCGA-READ
pdc-hbv-related-hepatocellular-carcinoma,HBV-Related Hepatocellular Carcinoma,PDC000199,PDC,International Cancer Proteogenome Consortium,International Cancer Proteogenome Consortium,Hepatocellular Carcinoma,Liver,LIVER,single,phosphoproteome; proteome,171,,open,True,,False,27,,0.954,False,False,machine_only,https://pdc.cancer.gov/pdc/study/PDC000199
pdc-cptac-pda-discovery-study,CPTAC PDA Discovery Study,PDC000272,PDC,Clinical Proteomic Tumor Analysis Consortium,Clinical Proteomic Tumor Analysis Consortium,Pancreatic Ductal Adenocarcinoma,Pancreas,PANCREAS,single,glycoproteome; phosphoproteome; proteome,166,,open,True,15.0,False,19,,-0.255,False,False,machine_only,https://pdc.cancer.gov/pdc/study/PDC000272
pdc-cptac-aml-study,CPTAC AML Study,PDC000558,PDC,Clinical Proteomic Tumor Analysis Consortium,Clinical Proteomic Tumor Analysis Consortium,Acute Myeloid Leukemia,Hematopoietic and reticuloendothelial systems,MYELOID,single,acetylproteome; glycoproteome; lipidome; metabolome; phosphoproteome; proteome,164,,open,True,12.1,True,0,,,False,True,project_curated,https://pdc.cancer.gov/pdc/study/PDC000558
cbio-luad-tsp,"Lung Adenocarcinoma (TSP, Nature 2008)",luad_tsp,cBioPortal,Investigator-initiated cohort (harmonized in cBioPortal),,Lung Adenocarcinoma,nsclc,LUNG,single,targeted_dna,163,163,open,,,False,,2053,,False,False,machine_only,https://www.cbioportal.org/study/summary?id=luad_tsp
idc-cmb-lca,CMB-LCA,cmb_lca,IDC,NCI Imaging Data Commons / The Cancer Imaging Archive,IDC,Lung Cancer,Lung,LUNG,single,clinical; radiology,162,,open,,,,,,,False,False,machine_only,https://portal.imaging.datacommons.cancer.gov/explore/?collection_id=cmb_lca
pdc-ptrc-hgsoc-ffpe-discovery,PTRC HGSOC FFPE Discovery,PDC000359,PDC,Clinical Proteomic Tumor Analysis Consortium,Clinical Proteomic Tumor Analysis Consortium,Ovarian Serous Cystadenocarcinoma,Ovary,OVARY,single,phosphoproteome; proteome,161,,open,,,False,1,,,False,False,machine_only,https://pdc.cancer.gov/pdc/study/PDC000359
cbio-ampca-bcm-2016,"Ampullary Carcinoma (Baylor College of Medicine, Cell Reports 2016)",ampca_bcm_2016,cBioPortal,Investigator-initiated cohort (harmonized in cBioPortal),,Ampullary Carcinoma,ampulla_of_vater,AMPULLA_OF_VATER,single,targeted_dna,160,160,open,True,26.7,False,,117,,False,False,machine_only,https://www.cbioportal.org/study/summary?id=ampca_bcm_2016
cbio-lcll-broad-2013,"Chronic Lymphocytic Leukemia (Broad, Cell 2013)",lcll_broad_2013,cBioPortal,Investigator-initiated cohort (harmonized in cBioPortal),,Chronic Lymphocytic Leukemia/Small Lymphocytic Lymphoma,mbn,LYMPH,single,targeted_dna,160,160,open,,,False,,1125,,False,False,machine_only,https://www.cbioportal.org/study/summary?id=lcll_broad_2013
pdc-cptac-ucec-confirmatory-study,CPTAC UCEC Confirmatory Study,PDC000443,PDC,Clinical Proteomic Tumor Analysis Consortium,Clinical Proteomic Tumor Analysis Consortium,Uterine Corpus Endometrial Carcinoma,"Uterus, NOS",UTERUS,single,acetylproteome; glycoproteome; phosphoproteome; proteome,159,,open,True,45.8,False,1,3,-2.655,True,False,machine_only,https://pdc.cancer.gov/pdc/study/PDC000443
cbio-thyroid-gatci-2024,"Anaplastic Thyroid Cancers (GATCI, Cell Reports 2024)",thyroid_gatci_2024,cBioPortal,Investigator-initiated cohort (harmonized in cBioPortal),,Thyroid,tissue,THYROID,single,copy_number; targeted_dna,158,190,open,True,4.1,False,,78,,False,False,machine_only,https://www.cbioportal.org/study/summary?id=thyroid_gatci_2024
htan-the-cellular-geography-of-therapeutic-resistance-in-cancer,The Cellular Geography of Therapeutic Resistance in Cancer,HTA5,HTAN,Human Tumor Atlas Network,HTAN,,,,title_derived,bulk_dna; scrna_seq; spatial_proteomics,156,,mixed,True,,,0,,,False,True,project_curated,https://humantumoratlas.org/explore
pdc-academia-sinica-gastric-cancer,Academia Sinica Gastric Cancer,PDC000649,PDC,International Cancer Proteogenome Consortium,International Cancer Proteogenome Consortium,Stomach Adenocarcinoma,Stomach,STOMACH,single,phosphoproteome; proteome,155,,open,,,False,0,,,False,False,machine_only,https://pdc.cancer.gov/pdc/study/PDC000649
pdc-ku-pdac-discovery-study,KU PDAC Discovery Study,PDC000249,PDC,International Cancer Proteogenome Consortium,International Cancer Proteogenome Consortium,Pancreatic Ductal Adenocarcinoma,Pancreas,PANCREAS,single,phosphoproteome,154,,open,True,20.4,False,1,2,0.801,False,False,machine_only,https://pdc.cancer.gov/pdc/study/PDC000249
pdc-ku-pdac-discovery-study-global-proteome,KU PDAC Discovery Study - Global proteome,PDC000248,PDC,International Cancer Proteogenome Consortium,International Cancer Proteogenome Consortium,Pancreatic Ductal Adenocarcinoma,Pancreas,PANCREAS,single,proteome,154,,open,True,20.4,False,3,,1.801,False,False,machine_only,https://pdc.cancer.gov/pdc/study/PDC000248
cbio-esca-broad,"Esophageal Adenocarcinoma (DFCI, Nat Genet 2013)",esca_broad,cBioPortal,Investigator-initiated cohort (harmonized in cBioPortal),,Esophageal Adenocarcinoma,egc,STOMACH,single,targeted_dna,151,151,open,,,False,,619,,False,False,machine_only,https://www.cbioportal.org/study/summary?id=esca_broad
cbio-hnc-mskcc-2016,"Recurrent and Metastatic Head & Neck Cancer (MSK, JAMA Oncol 2016)",hnc_mskcc_2016,cBioPortal,Investigator-initiated cohort (harmonized in cBioPortal),,Head and Neck,tissue,HEAD_NECK,single,copy_number; structural_variant; targeted_dna,151,151,open,True,31.9,False,,192,,False,False,machine_only,https://www.cbioportal.org/study/summary?id=hnc_mskcc_2016
pdc-ku-cca-discovery-study,KU CCA Discovery Study,PDC000343,PDC,International Cancer Proteogenome Consortium,International Cancer Proteogenome Consortium,Cervical Squamous Cell Carcinoma and Endocervical Adenocarcinoma,Cervix,CERVIX,single,phosphoproteome,151,,open,True,38.2,False,0,,-0.19,False,False,machine_only,https://pdc.cancer.gov/pdc/study/PDC000343
pdc-ku-cca-discovery-study-global-proteome,KU CCA Discovery Study - Global proteome,PDC000342,PDC,International Cancer Proteogenome Consortium,International Cancer Proteogenome Consortium,Cervical Squamous Cell Carcinoma and Endocervical Adenocarcinoma,Cervix,CERVIX,single,proteome,151,,open,True,38.2,False,0,,-0.19,False,False,machine_only,https://pdc.cancer.gov/pdc/study/PDC000342
cbio-prad-su2c-2015,"Metastatic Prostate Cancer (SU2C/PCF Dream Team, Cell 2015)",prad_su2c_2015,cBioPortal,Investigator-initiated cohort (harmonized in cBioPortal),,Prostate Adenocarcinoma,prostate,PROSTATE,single,copy_number; rna_seq; structural_variant; targeted_dna,150,150,open,,,False,,2728,,False,False,machine_only,https://www.cbioportal.org/study/summary?id=prad_su2c_2015
cbio-skcm-yale,"Skin Cutaneous Melanoma (Yale, Nat Genet 2012)",skcm_yale,cBioPortal,Investigator-initiated cohort (harmonized in cBioPortal),,Cutaneous Melanoma,mel,SKIN,single,targeted_dna,147,147,open,,,False,,952,,False,False,machine_only,https://www.cbioportal.org/study/summary?id=skcm_yale
pdc-ipmn-study-cptac-pdac-proteome,IPMN Study - CPTAC PDAC Proteome,PDC000629,PDC,Clinical Proteomic Tumor Analysis Consortium,Clinical Proteomic Tumor Analysis Consortium,Pancreatic Ductal Adenocarcinoma,Pancreas,PANCREAS,single,proteome,146,,open,True,15.0,False,0,,,False,False,machine_only,https://pdc.cancer.gov/pdc/study/PDC000629
cbio-nccrcc-genentech-2014,"Renal Non-Clear Cell Carcinoma (Genentech, Nat Genet 2014)",nccrcc_genentech_2014,cBioPortal,Investigator-initiated cohort (harmonized in cBioPortal),,Renal Non-Clear Cell Carcinoma,rcc,KIDNEY,single,structural_variant; targeted_dna,145,146,open,,,False,,286,,False,False,machine_only,https://www.cbioportal.org/study/summary?id=nccrcc_genentech_2014
cbio-brca-mapk-hp-msk-2021,"MAPK on resistance to anti-HER2 therapy for breast cancer (MSK, Nat Commun. 2022)",brca_mapk_hp_msk_2021,cBioPortal,Investigator-initiated cohort (harmonized in cBioPortal),,Invasive Breast Carcinoma,breast,BREAST,single,copy_number; structural_variant; targeted_dna; treatment,145,145,open,True,40.9,False,,74,,False,False,machine_only,https://www.cbioportal.org/study/summary?id=brca_mapk_hp_msk_2021
cbio-mel-dfci-2019,"Metastatic Melanoma (DFCI, Nature Medicine 2019)",mel_dfci_2019,cBioPortal,Investigator-initiated cohort (harmonized in cBioPortal),,Melanoma,skin,SKIN,single,copy_number; targeted_dna,144,144,open,True,19.4,False,,849,,False,False,machine_only,https://www.cbioportal.org/study/summary?id=mel_dfci_2019
cbio-summit-2018,"SUMMIT - Neratinib Basket Study (Multi-Institute, Nature 2018)",summit_2018,cBioPortal,Investigator-initiated cohort (harmonized in cBioPortal),,Mixed Cancer Types,other,,pan_cancer,copy_number; structural_variant; targeted_dna,141,141,open,True,1.9,False,,631,,False,False,machine_only,https://www.cbioportal.org/study/summary?id=summit_2018
cbio-paad-cptac-2021,"Pancreatic Ductal Adenocarcinoma (CPTAC, Cell 2021)",paad_cptac_2021,cBioPortal,Investigator-initiated cohort (harmonized in cBioPortal),,Pancreatic Adenocarcinoma,pancreas,PANCREAS,single,mirna; proteome; rna_seq; targeted_dna,140,140,open,,,False,,487,,False,False,machine_only,https://www.cbioportal.org/study/summary?id=paad_cptac_2021
cbio-escc-ucla-2014,"Esophageal Squamous Cell Carcinoma (UCLA, Nat Genet 2014)",escc_ucla_2014,cBioPortal,Investigator-initiated cohort (harmonized in cBioPortal),,Esophageal Squamous Cell Carcinoma,stomach,STOMACH,single,targeted_dna,139,139,open,,,False,,523,,False,False,machine_only,https://www.cbioportal.org/study/summary?id=escc_ucla_2014
idc-cmb-mml,CMB-MML,cmb_mml,IDC,NCI Imaging Data Commons / The Cancer Imaging Archive,IDC,Multiple Myeloma,Blood; Bone,LYMPH,single,clinical; radiology,138,,open,,,,,,,False,False,machine_only,https://portal.imaging.datacommons.cancer.gov/explore/?collection_id=cmb_mml
pdc-nf-pnet-discovery-study-phosphoproteome-phasei,NF-PNET Discovery Study - Phosphoproteome - PhaseI,PDC000591,PDC,International Cancer Proteogenome Consortium,International Cancer Proteogenome Consortium,Neuroendocrine Neoplasms,Pancreas,PANCREAS,single,phosphoproteome,138,,open,,,False,0,,,False,False,machine_only,https://pdc.cancer.gov/pdc/study/PDC000591
pdc-nf-pnet-discovery-study-proteome-phasei,NF-PNET Discovery Study - Proteome - PhaseI,PDC000590,PDC,International Cancer Proteogenome Consortium,International Cancer Proteogenome Consortium,Neuroendocrine Neoplasms,Pancreas,PANCREAS,single,proteome,138,,open,,,False,0,,,False,False,machine_only,https://pdc.cancer.gov/pdc/study/PDC000590
cbio-dlbcl-dfci-2018,"Diffuse Large B cell Lymphoma (DFCI, Nat Med 2018)",dlbcl_dfci_2018,cBioPortal,Investigator-initiated cohort (harmonized in cBioPortal),,"Diffuse Large B-Cell Lymphoma, NOS",mbn,LYMPH,single,structural_variant; targeted_dna,135,135,open,True,63.5,False,,1574,,False,False,machine_only,https://www.cbioportal.org/study/summary?id=dlbcl_dfci_2018
cbio-mixed-kunga-msk-2022,"Pediatric Pancan Tumors (MSK,Nat Commun. 2022)",mixed_kunga_msk_2022,cBioPortal,Investigator-initiated cohort (harmonized in cBioPortal),,Mixed Cancer Types,other,,pan_cancer,copy_number; structural_variant; targeted_dna,134,135,open,True,26.4,False,,64,,False,False,machine_only,https://www.cbioportal.org/study/summary?id=mixed_kunga_msk_2022
cbio-mtnn-msk-2022,"Mature T and NK Neoplasms (MSK, Blood Adv 2023)",mtnn_msk_2022,cBioPortal,Investigator-initiated cohort (harmonized in cBioPortal),,Mature T and NK Neoplasms,nhl,LYMPH,single,copy_number; targeted_dna,132,132,open,True,8.0,False,,25,,False,False,machine_only,https://www.cbioportal.org/study/summary?id=mtnn_msk_2022
pdc-cptac-kf-ccdi-pediatric-brain-cancer-study-medulloblastoma-phosphoprot,CPTAC-KF-CCDI-Pediatric Brain Cancer Study - Medulloblastoma Phosphoproteome,PDC000666,PDC,CPTAC-Kids First-Childhood Cancer Data Initiative,CPTAC-Kids First-Childhood Cancer Data Initiative,Pediatric/AYA Brain Tumors,Brain,BRAIN,single,phosphoproteome,132,,open,True,87.7,False,0,,,False,False,machine_only,https://pdc.cancer.gov/pdc/study/PDC000666
pdc-cptac-kf-ccdi-pediatric-brain-cancer-study-medulloblastoma-phosphotyro,CPTAC-KF-CCDI-Pediatric Brain Cancer Study - Medulloblastoma Phosphotyrosine,PDC000667,PDC,CPTAC-Kids First-Childhood Cancer Data Initiative,CPTAC-Kids First-Childhood Cancer Data Initiative,Pediatric/AYA Brain Tumors,Brain,BRAIN,single,phosphoproteome,132,,open,True,87.7,False,0,,,False,False,machine_only,https://pdc.cancer.gov/pdc/study/PDC000667
pdc-cptac-kf-ccdi-pediatric-brain-cancer-study-medulloblastoma-proteome,CPTAC-KF-CCDI-Pediatric Brain Cancer Study - Medulloblastoma Proteome,PDC000663,PDC,CPTAC-Kids First-Childhood Cancer Data Initiative,CPTAC-Kids First-Childhood Cancer Data Initiative,Pediatric/AYA Brain Tumors,Brain,BRAIN,single,proteome,132,,open,True,87.7,False,0,,,False,False,machine_only,https://pdc.cancer.gov/pdc/study/PDC000663
idc-prostate-anatomical-edge-cases,Prostate-Anatomical-Edge-Cases,prostate_anatomical_edge_cases,IDC,NCI Imaging Data Commons / The Cancer Imaging Archive,IDC,Prostate Cancer,Prostate,PROSTATE,single,radiology,131,,open,,,,,,,False,False,machine_only,https://portal.imaging.datacommons.cancer.gov/explore/?collection_id=prostate_anatomical_edge_cases
pdc-cptac-luad-confirmatory-study,CPTAC LUAD Confirmatory Study,PDC000491,PDC,Clinical Proteomic Tumor Analysis Consortium,Clinical Proteomic Tumor Analysis Consortium,Lung Adenocarcinoma,Bronchus and lung,LUNG,single,acetylproteome; phosphoproteome; proteome; ubiquitylome,131,,open,True,18.7,False,2,,-0.887,False,False,machine_only,https://pdc.cancer.gov/pdc/study/PDC000491
cbio-hcc-mskimpact-2018,"Hepatocellular Carcinoma (MSK, Clin Cancer Res 2018)",hcc_mskimpact_2018,cBioPortal,Investigator-initiated cohort (harmonized in cBioPortal),,Hepatocellular Carcinoma,liver,LIVER,single,copy_number; structural_variant; targeted_dna,127,127,open,,,True,,500,,False,False,machine_only,https://www.cbioportal.org/study/summary?id=hcc_mskimpact_2018
pdc-prospective-breast-bi-acetylome,Prospective Breast BI Acetylome,PDC000239,PDC,Clinical Proteomic Tumor Analysis Consortium,Clinical Proteomic Tumor Analysis Consortium,Breast Invasive Carcinoma,Breast,BREAST,single,acetylproteome,127,,open,True,0.0,False,1,,0.893,False,False,machine_only,https://pdc.cancer.gov/pdc/study/PDC000239
pdc-prospective-breast-bi-phosphoproteome,Prospective Breast BI Phosphoproteome,PDC000121,PDC,Clinical Proteomic Tumor Analysis Consortium,Clinical Proteomic Tumor Analysis Consortium,Breast Invasive Carcinoma,Breast,BREAST,single,phosphoproteome,127,,open,True,0.0,False,2,19,-1.086,False,False,machine_only,https://pdc.cancer.gov/pdc/study/PDC000121
pdc-prospective-breast-bi-proteome,Prospective Breast BI Proteome,PDC000120,PDC,Clinical Proteomic Tumor Analysis Consortium,Clinical Proteomic Tumor Analysis Consortium,Breast Invasive Carcinoma,Breast,BREAST,single,proteome,127,,open,True,0.0,False,19,,0.614,False,False,machine_only,https://pdc.cancer.gov/pdc/study/PDC000120
pdc-academia-sinica-luad-icpc-b,Academia Sinica LUAD ICPC-B,PDC000564,PDC,International Cancer Proteogenome Consortium,International Cancer Proteogenome Consortium,Lung Adenocarcinoma; Lung Squamous Cell Carcinoma,Lung,LUNG,single,phosphoproteome; proteome,127,,open,True,18.5,False,1,,-0.147,False,False,machine_only,https://pdc.cancer.gov/pdc/study/PDC000564
cbio-mbl-icgc,"Medulloblastoma (ICGC, Nature 2012)",mbl_icgc,cBioPortal,Investigator-initiated cohort (harmonized in cBioPortal),,Medulloblastoma,embt,BRAIN,single,targeted_dna,125,125,open,True,22.0,False,,712,,False,False,machine_only,https://www.cbioportal.org/study/summary?id=mbl_icgc
cbio-cfdna-msk-2019,"Mixed cfDNA (MSK, Nature Medicine 2019)",cfdna_msk_2019,cBioPortal,Investigator-initiated cohort (harmonized in cBioPortal),,Mixed Cancer Types,other,,pan_cancer,targeted_dna,124,248,open,,,False,,616,,False,False,machine_only,https://www.cbioportal.org/study/summary?id=cfdna_msk_2019
gdc-tcga-thym,Thymoma,TCGA-THYM,GDC,TCGA,TCGA,Thymic Epithelial Neoplasms,"Heart, mediastinum, and pleura; Other and ill-defined sites; Thymus",THYMUS,single,clinical; copy_number; histopathology; methylation; mirna; protein_array; radiology; rna_seq; structural_variant; wgs; wxs,124,,mixed,True,41.2,True,395,,0.653,False,False,machine_only,https://portal.gdc.cancer.gov/projects/TCGA-THYM
idc-vestibular-schwannoma-mc-rc,Vestibular-Schwannoma-MC-RC,vestibular_schwannoma_mc_rc,IDC,NCI Imaging Data Commons / The Cancer Imaging Archive,IDC,Vestibular Schwannoma (non-cancer),Brain,BRAIN,single,radiology,124,,open,,,,,,,False,False,machine_only,https://portal.imaging.datacommons.cancer.gov/explore/?collection_id=vestibular_schwannoma_mc_rc
pdc-cptac-ccrcc-discovery-study,CPTAC CCRCC Discovery Study,PDC000471,PDC,Clinical Proteomic Tumor Analysis Consortium,Clinical Proteomic Tumor Analysis Consortium,,,KIDNEY,title_derived,glycoproteome; phosphoproteome; proteome,124,,open,,,,4,289,-1.46,False,False,machine_only,https://pdc.cancer.gov/pdc/study/PDC000471
pdc-cptac-hnscc-discovery-study,CPTAC HNSCC Discovery Study,PDC000222,PDC,Clinical Proteomic Tumor Analysis Consortium,Clinical Proteomic Tumor Analysis Consortium,Head and Neck Squamous Cell Carcinoma,Head and Neck,HEAD_NECK,single,phosphoproteome; proteome,124,,open,True,24.3,True,18,,-0.006,False,False,machine_only,https://pdc.cancer.gov/pdc/study/PDC000222
pdc-tcga-ovarian-jhu-glycoproteome,TCGA Ovarian JHU Glycoproteome,PDC000112,PDC,Clinical Proteomic Tumor Analysis Consortium,Clinical Proteomic Tumor Analysis Consortium,Ovarian Serous Cystadenocarcinoma,Ovary,OVARY,single,glycoproteome,124,,open,True,29.9,False,1,,0.905,False,False,machine_only,https://pdc.cancer.gov/pdc/study/PDC000112
pdc-tcga-ovarian-jhu-proteome,TCGA Ovarian JHU Proteome,PDC000113,PDC,Clinical Proteomic Tumor Analysis Consortium,Clinical Proteomic Tumor Analysis Consortium,Ovarian Serous Cystadenocarcinoma,Ovary,OVARY,single,proteome,124,,open,True,29.9,False,6,38,0.148,False,False,machine_only,https://pdc.cancer.gov/pdc/study/PDC000113
cbio-prad-broad,"Prostate Adenocarcinoma (Broad/Cornell, Nat Genet 2012)",prad_broad,cBioPortal,Investigator-initiated cohort (harmonized in cBioPortal),,Prostate Adenocarcinoma,prostate,PROSTATE,single,copy_number; rna_seq; targeted_dna,123,123,open,,,False,,1253,,False,False,machine_only,https://www.cbioportal.org/study/summary?id=prad_broad
pdc-cptac-ucec-discovery-study,CPTAC UCEC Discovery Study,PDC000226,PDC,Clinical Proteomic Tumor Analysis Consortium,Clinical Proteomic Tumor Analysis Consortium,Uterine Corpus Endometrial Carcinoma,"Uterus, NOS",UTERUS,single,acetylproteome; phosphoproteome; proteome,123,,open,True,28.7,False,13,48,-0.626,False,False,machine_only,https://pdc.cancer.gov/pdc/study/PDC000226
cbio-mel-iatlas-liu-2019,"Metastatic Melanoma (DFCI, Nat Med. 2019) - iAtlas Harmonized",mel_iatlas_liu_2019,cBioPortal,Investigator-initiated cohort (harmonized in cBioPortal),,Melanoma,skin,SKIN,single,rna_seq; targeted_dna,122,122,open,True,17.5,True,,849,,False,False,machine_only,https://www.cbioportal.org/study/summary?id=mel_iatlas_liu_2019
cbio-brca-cptac-2020,"Proteogenomic landscape of breast cancer (CPTAC, Cell 2020)",brca_cptac_2020,cBioPortal,Investigator-initiated cohort (harmonized in cBioPortal),,Invasive Breast Carcinoma,breast,BREAST,single,copy_number; proteome; rna_seq; targeted_dna,122,122,open,,,False,,469,,False,False,machine_only,https://www.cbioportal.org/study/summary?id=brca_cptac_2020
pdc-ipmn-study,IPMN Study,PDC000633,PDC,Clinical Proteomic Tumor Analysis Consortium,Clinical Proteomic Tumor Analysis Consortium,"Cystic, Mucinous and Serous Neoplasms; Neuroendocrine Neoplasms; Ductal and Lobular Neoplasms; Adenomas and Adenocarcinomas",Pancreas,PANCREAS,single,glycoproteome; proteome,122,,open,,,False,0,,,False,False,machine_only,https://pdc.cancer.gov/pdc/study/PDC000633
cbio-skcm-broad,"Skin Cutaneous Melanoma (Broad, Cell 2012)",skcm_broad,cBioPortal,Investigator-initiated cohort (harmonized in cBioPortal),,Cutaneous Melanoma,mel,SKIN,single,targeted_dna,121,121,open,,,False,,2084,,False,False,machine_only,https://www.cbioportal.org/study/summary?id=skcm_broad
cbio-mng-utoronto-2021,"Meningioma (University of Toronto, Nature 2021)",mng_utoronto_2021,cBioPortal,Investigator-initiated cohort (harmonized in cBioPortal),,Meningioma,mngt,BRAIN,single,copy_number; proteome; targeted_dna,121,121,open,,,,,386,,False,False,machine_only,https://www.cbioportal.org/study/summary?id=mng_utoronto_2021
cbio-sclc-ucologne-2015,"Small Cell Lung Cancer (U Cologne, Nature 2015)",sclc_ucologne_2015,cBioPortal,Investigator-initiated cohort (harmonized in cBioPortal),,Small Cell Lung Cancer,lnet,LUNG,single,structural_variant; targeted_dna,120,120,open,True,21.5,False,,1934,,False,False,machine_only,https://www.cbioportal.org/study/summary?id=sclc_ucologne_2015
idc-b-mode-and-ceus-liver,B-mode-and-CEUS-Liver,b_mode_and_ceus_liver,IDC,NCI Imaging Data Commons / The Cancer Imaging Archive,IDC,Liver Cancer,Liver,LIVER,single,clinical; radiology,120,,open,,,,,,,False,False,machine_only,https://portal.imaging.datacommons.cancer.gov/explore/?collection_id=b_mode_and_ceus_liver
cbio-prad-mich,"Metastatic Prostate Adenocarcinoma (MCTP, Nature 2012)",prad_mich,cBioPortal,Investigator-initiated cohort (harmonized in cBioPortal),,Prostate Adenocarcinoma,prostate,PROSTATE,single,copy_number; structural_variant; targeted_dna,119,121,open,True,96.5,False,,2143,,False,False,machine_only,https://www.cbioportal.org/study/summary?id=prad_mich
cbio-utuc-msk-2019,"Upper Tract Urothelial Carcinoma (MSK, Nat Commun 2020)",utuc_msk_2019,cBioPortal,Investigator-initiated cohort (harmonized in cBioPortal),,Upper Tract Urothelial Carcinoma,bladder,BLADDER,single,copy_number; targeted_dna,119,119,open,,,False,,47,,False,False,machine_only,https://www.cbioportal.org/study/summary?id=utuc_msk_2019
cbio-lgsoc-mapk-msk-2022,"Low-Grade Serous Ovarian Cancer (MSK, Clin Cancer Res 2022)",lgsoc_mapk_msk_2022,cBioPortal,Investigator-initiated cohort (harmonized in cBioPortal),,Low-Grade Serous Ovarian Cancer,soc,OVARY,single,targeted_dna,119,119,open,,,False,,71,,False,False,machine_only,https://www.cbioportal.org/study/summary?id=lgsoc_mapk_msk_2022
cbio-mixed-cfdna-msk-2020,"Mixed cfDNA (MSK, Genome Med 2021)",mixed_cfdna_msk_2020,cBioPortal,Investigator-initiated cohort (harmonized in cBioPortal),,Mixed Cancer Types,other,,pan_cancer,copy_number; structural_variant; targeted_dna,118,229,open,,,False,,49,,False,False,machine_only,https://www.cbioportal.org/study/summary?id=mixed_cfdna_msk_2020
pdc-cptac-gbm-confirmatory-study,CPTAC GBM Confirmatory Study,PDC000450,PDC,Clinical Proteomic Tumor Analysis Consortium,Clinical Proteomic Tumor Analysis Consortium,"Glioblastoma; Gliomas; Lung Adenocarcinoma; Skin Cutaneous Melanoma; Epithelial Neoplasms, NOS; Breast Invasive Carcinoma; Meningiomas; Uterine Adenocarcinoma","Brain; Bronchus and lung; Other and unspecified urinary organs; Colon; Breast; Uterus, NOS",,pan_cancer,acetylproteome; glycoproteome; lipidome; metabolome; phosphoproteome; proteome,118,,open,True,14.4,True,0,,,False,False,machine_only,https://pdc.cancer.gov/pdc/study/PDC000450
pdc-cptac-pdac-proteins-in-serum,CPTAC PDAC Proteins in Serum,PDC000527,PDC,Clinical Proteomic Tumor Analysis Consortium,Clinical Proteomic Tumor Analysis Consortium,Pancreatic Ductal Adenocarcinoma,Pancreas,PANCREAS,single,glycoproteome; proteome,118,,open,True,25.9,False,0,,,False,False,machine_only,https://pdc.cancer.gov/pdc/study/PDC000527
cbio-thyroid-mskcc-2016,"Poorly-Differentiated and Anaplastic Thyroid Cancers (MSK, JCI 2016)",thyroid_mskcc_2016,cBioPortal,Investigator-initiated cohort (harmonized in cBioPortal),,Thyroid,tissue,THYROID,single,copy_number; structural_variant; targeted_dna,117,117,open,True,33.2,False,,996,,False,False,machine_only,https://www.cbioportal.org/study/summary?id=thyroid_mskcc_2016
idc-midrc-ricord-1b,MIDRC-RICORD-1B,midrc_ricord_1b,IDC,NCI Imaging Data Commons / The Cancer Imaging Archive,IDC,COVID-19 (non-cancer),Lung,LUNG,single,clinical; radiology,117,,open,,,,,,,False,False,machine_only,https://portal.imaging.datacommons.cancer.gov/explore/?collection_id=midrc_ricord_1b
cbio-mnm-washu-2016,"Acute myeloid leukemia or myelodysplastic syndromes (WashU, 2016)",mnm_washu_2016,cBioPortal,Investigator-initiated cohort (harmonized in cBioPortal),,Myeloid Neoplasm,myeloid,MYELOID,single,targeted_dna,116,136,open,True,8.9,False,,678,,False,False,machine_only,https://www.cbioportal.org/study/summary?id=mnm_washu_2016
cbio-es-iocurie-2014,"Ewing Sarcoma (Institut Curie, Cancer Discov 2014)",es_iocurie_2014,cBioPortal,Investigator-initiated cohort (harmonized in cBioPortal),,Ewing Sarcoma,bone,BONE,single,targeted_dna,115,115,open,True,51.1,False,,478,,False,False,machine_only,https://www.cbioportal.org/study/summary?id=es_iocurie_2014
pdc-cptac-lscc-discovery-study,CPTAC LSCC Discovery Study,PDC000233,PDC,Clinical Proteomic Tumor Analysis Consortium,Clinical Proteomic Tumor Analysis Consortium,Lung Squamous Cell Carcinoma,Bronchus and lung,LUNG,single,acetylproteome; phosphoproteome; proteome; ubiquitylome,115,,open,True,39.6,False,19,,-1.207,False,False,machine_only,https://pdc.cancer.gov/pdc/study/PDC000233
pdc-cptac-luad-discovery-study,CPTAC LUAD Discovery Study,PDC000224,PDC,Clinical Proteomic Tumor Analysis Consortium,Clinical Proteomic Tumor Analysis Consortium,Lung Adenocarcinoma,Bronchus and lung,LUNG,single,acetylproteome; phosphoproteome; proteome; ubiquitylome,115,,open,True,15.7,False,22,,-1.005,False,True,project_curated,https://pdc.cancer.gov/pdc/study/PDC000224
idc-remind,ReMIND,remind,IDC,NCI Imaging Data Commons / The Cancer Imaging Archive,IDC,Brain Cancer,Brain,BRAIN,single,clinical; radiology,114,,open,,,,,,,False,False,machine_only,https://portal.imaging.datacommons.cancer.gov/explore/?collection_id=remind
pdc-cptac-kf-ccdi-pediatric-t-all-study,CPTAC-KF-CCDI-Pediatric T-ALL Study,PDC000641,PDC,CPTAC-Kids First-Childhood Cancer Data Initiative,CPTAC-Kids First-Childhood Cancer Data Initiative,Acute Lymphoblastic Leukemia,Bone Marrow; Blood,LYMPH,single,phosphoproteome; proteome,114,,open,,,False,0,,,False,False,machine_only,https://pdc.cancer.gov/pdc/study/PDC000641
gdc-tcga-kich,Kidney Chromophobe,TCGA-KICH,GDC,TCGA,TCGA,Adenomas and Adenocarcinomas,Kidney,KIDNEY,single,clinical; copy_number; histopathology; methylation; mirna; protein_array; radiology; rna_seq; structural_variant; wgs; wxs,113,,mixed,True,48.3,True,395,,0.697,False,False,machine_only,https://portal.gdc.cancer.gov/projects/TCGA-KICH
cbio-bladder-msk-2024,"Bladder Cancer (MSK, Eur Urol 2024)",bladder_msk_2024,cBioPortal,Investigator-initiated cohort (harmonized in cBioPortal),,Bladder/Urinary Tract,tissue,BLADDER,single,copy_number; structural_variant; targeted_dna,112,112,open,True,52.6,False,,15,,False,False,machine_only,https://www.cbioportal.org/study/summary?id=bladder_msk_2024
idc-cptac-hnscc,CPTAC-HNSCC,cptac_hnscc,IDC,NCI Imaging Data Commons / The Cancer Imaging Archive,IDC,Head and Neck Cancer,Head-Neck,HEAD_NECK,single,clinical; proteome; radiology; wgs,112,,open,,,,,,,False,False,machine_only,https://portal.imaging.datacommons.cancer.gov/explore/?collection_id=cptac_hnscc
pdc-cptac-gbm-discovery-study,CPTAC GBM Discovery Study,PDC000245,PDC,Clinical Proteomic Tumor Analysis Consortium,Clinical Proteomic Tumor Analysis Consortium,Glioblastoma,Brain,BRAIN,single,acetylproteome; lipidome; metabolome; phosphoproteome; proteome,111,,open,True,12.8,True,1,11,-1.861,True,False,machine_only,https://pdc.cancer.gov/pdc/study/PDC000245
pdc-kncc-glioblastoma-evolution,KNCC Glioblastoma Evolution,PDC000515,PDC,International Cancer Proteogenome Consortium,International Cancer Proteogenome Consortium,Glioblastoma,Brain,BRAIN,single,phosphoproteome; proteome,111,,open,True,26.7,False,2,92,-0.587,False,False,machine_only,https://pdc.cancer.gov/pdc/study/PDC000515
cbio-luad-cptac-2020,"Lung Adenocarcinoma (CPTAC, Cell 2020)",luad_cptac_2020,cBioPortal,Investigator-initiated cohort (harmonized in cBioPortal),,Lung Adenocarcinoma,nsclc,LUNG,single,copy_number; mirna; proteome; rna_seq; targeted_dna,110,110,open,,,False,,688,,False,False,machine_only,https://www.cbioportal.org/study/summary?id=luad_cptac_2020
cbio-coad-cptac-2019,"Colon Cancer (CPTAC-2 Prospective, Cell 2019)",coad_cptac_2019,cBioPortal,Investigator-initiated cohort (harmonized in cBioPortal),,Colon Adenocarcinoma,coadread,BOWEL,single,copy_number; mirna; proteome; rna_seq; targeted_dna,110,110,open,True,30.0,False,,665,,False,False,machine_only,https://www.cbioportal.org/study/summary?id=coad_cptac_2019
idc-midrc-ricord-1a,MIDRC-RICORD-1A,midrc_ricord_1a,IDC,NCI Imaging Data Commons / The Cancer Imaging Archive,IDC,COVID-19 (non-cancer),Lung,LUNG,single,clinical; radiology,110,,open,,,,,,,False,False,machine_only,https://portal.imaging.datacommons.cancer.gov/explore/?collection_id=midrc_ricord_1a
pdc-cptac-ccrcc-confirmatory-study,CPTAC CCRCC Confirmatory Study,PDC000413,PDC,Clinical Proteomic Tumor Analysis Consortium,Clinical Proteomic Tumor Analysis Consortium,,,KIDNEY,title_derived,glycoproteome; phosphoproteome; proteome,110,,open,,,,3,18,0.184,False,False,machine_only,https://pdc.cancer.gov/pdc/study/PDC000413
pdc-academia-sinica-luad100,Academia Sinica LUAD100,PDC000220,PDC,International Cancer Proteogenome Consortium,International Cancer Proteogenome Consortium,Lung Adenocarcinoma; Lung Squamous Cell Carcinoma,Lung,LUNG,single,phosphoproteome; proteome,110,,open,,,False,10,11,-0.738,False,False,machine_only,https://pdc.cancer.gov/pdc/study/PDC000220
cbio-blca-mskcc-solit-2014,"Bladder Cancer (MSK, Eur Urol 2014)",blca_mskcc_solit_2014,cBioPortal,Investigator-initiated cohort (harmonized in cBioPortal),,Bladder Urothelial Carcinoma,bladder,BLADDER,single,copy_number; targeted_dna,109,109,open,True,1.4,False,,123,,False,False,machine_only,https://www.cbioportal.org/study/summary?id=blca_mskcc_solit_2014
cbio-paad-utsw-2015,"Pancreatic Cancer (UTSW, Nat Commun 2015)",paad_utsw_2015,cBioPortal,Investigator-initiated cohort (harmonized in cBioPortal),,Pancreatic Adenocarcinoma,pancreas,PANCREAS,single,copy_number; targeted_dna,109,109,open,,,False,,913,,False,False,machine_only,https://www.cbioportal.org/study/summary?id=paad_utsw_2015
pdc-tcga-breast-cancer-phosphoproteome,TCGA Breast Cancer Phosphoproteome,PDC000174,PDC,Clinical Proteomic Tumor Analysis Consortium,Clinical Proteomic Tumor Analysis Consortium,Breast Invasive Carcinoma,Breast,BREAST,single,phosphoproteome,109,,open,True,37.5,False,3,,-0.597,False,False,machine_only,https://pdc.cancer.gov/pdc/study/PDC000174
pdc-tcga-breast-cancer-proteome,TCGA Breast Cancer Proteome,PDC000173,PDC,Clinical Proteomic Tumor Analysis Consortium,Clinical Proteomic Tumor Analysis Consortium,Breast Invasive Carcinoma,Breast,BREAST,single,proteome,109,,open,True,37.5,False,18,,1.65,False,False,machine_only,https://pdc.cancer.gov/pdc/study/PDC000173
cbio-lusc-cptac-2021,"Lung Squamous Cell Carcinoma (CPTAC, Cell 2021)",lusc_cptac_2021,cBioPortal,Investigator-initiated cohort (harmonized in cBioPortal),,Lung Squamous Cell Carcinoma,nsclc,LUNG,single,mirna; rna_seq; targeted_dna,108,80,open,,,False,,350,,False,False,machine_only,https://www.cbioportal.org/study/summary?id=lusc_cptac_2021
cbio-usarc-msk-2020,"Uterine Sarcoma/Mesenchymal (MSK, Clin Cancer Res 2020)",usarc_msk_2020,cBioPortal,Investigator-initiated cohort (harmonized in cBioPortal),,Uterine Sarcoma/Mesenchymal,uterus,UTERUS,single,copy_number; structural_variant; targeted_dna,107,108,open,True,37.8,False,,97,,False,False,machine_only,https://www.cbioportal.org/study/summary?id=usarc_msk_2020
cbio-braf-msk-archer-2024,"BRAF Fusions - ARCHER Clinical Sequencing Cohort (MSK, Clin Cancer Res 2024)",braf_msk_archer_2024,cBioPortal,Investigator-initiated cohort (harmonized in cBioPortal),,Mixed Cancer Types,other,,pan_cancer,structural_variant,107,107,open,,,False,,10,,False,False,machine_only,https://www.cbioportal.org/study/summary?id=braf_msk_archer_2024
pdc-cgu-oscc-apobec3a-multiple-phosphoproteome,CGU OSCC APOBEC3A - Multiple Phosphoproteome,PDC000521,PDC,International Cancer Proteogenome Consortium,International Cancer Proteogenome Consortium,Oral Squamous Cell Carcinoma,Other and unspecified parts of mouth; Other and unspecified parts of tongue; Gum; Floor of mouth; Accessory sinuses; Lip,HEAD_NECK,single,phosphoproteome,107,,open,True,33.5,False,0,,,False,False,machine_only,https://pdc.cancer.gov/pdc/study/PDC000521
pdc-cgu-oscc-apobec3a-global-phosphoproteome,CGU OSCC APOBEC3A - Global Phosphoproteome,PDC000520,PDC,International Cancer Proteogenome Consortium,International Cancer Proteogenome Consortium,Oral Squamous Cell Carcinoma,Other and unspecified parts of mouth; Other and unspecified parts of tongue; Gum; Floor of mouth; Lip; Accessory sinuses,HEAD_NECK,single,phosphoproteome,107,,open,True,33.5,False,0,,,False,False,machine_only,https://pdc.cancer.gov/pdc/study/PDC000520
pdc-cgu-oscc-apobec3a,CGU OSCC APOBEC3A,PDC000519,PDC,International Cancer Proteogenome Consortium,International Cancer Proteogenome Consortium,Oral Squamous Cell Carcinoma,Other and unspecified parts of mouth; Other and unspecified parts of tongue; Gum; Floor of mouth; Accessory sinuses; Lip,HEAD_NECK,single,proteome,107,,open,True,33.5,False,1,0,2.559,False,False,machine_only,https://pdc.cancer.gov/pdc/study/PDC000519
pdc-ncc-icc,NCC iCC,PDC000363,PDC,International Cancer Proteogenome Consortium,International Cancer Proteogenome Consortium,Cholangiocarcinoma; Hepatocellular Carcinoma,Liver and intrahepatic bile ducts,BILIARY_TRACT; LIVER,several,phosphoproteome; proteome,106,,open,True,21.0,False,2,,0.524,False,False,machine_only,https://pdc.cancer.gov/pdc/study/PDC000363
cbio-gbm-mayo-pdx-sarkaria-2019,"Brain Tumor PDXs (Mayo Clinic, Clin Cancer Res 2020)",gbm_mayo_pdx_sarkaria_2019,cBioPortal,Investigator-initiated cohort (harmonized in cBioPortal),,Diffuse Glioma,brain,BRAIN,single,copy_number; rna_seq; targeted_dna,105,106,open,True,17.5,False,,205,,False,False,machine_only,https://www.cbioportal.org/study/summary?id=gbm_mayo_pdx_sarkaria_2019
cbio-blca-nmibc-2017,Nonmuscle Invasive Bladder Cancer (MSK Eur Urol 2017),blca_nmibc_2017,cBioPortal,Investigator-initiated cohort (harmonized in cBioPortal),,Bladder Urothelial Carcinoma,bladder,BLADDER,single,copy_number; structural_variant; targeted_dna,105,105,open,,,False,,296,,False,False,machine_only,https://www.cbioportal.org/study/summary?id=blca_nmibc_2017
cbio-braf-msk-impact-2024,"BRAF Fusions - IMPACT Clinical Sequencing Cohort (MSK, Clin Cancer Res 2024)",braf_msk_impact_2024,cBioPortal,Investigator-initiated cohort (harmonized in cBioPortal),,Mixed Cancer Types,other,,pan_cancer,copy_number; structural_variant; targeted_dna,105,105,open,,,False,,10,,False,False,machine_only,https://www.cbioportal.org/study/summary?id=braf_msk_impact_2024
idc-covid-19-ar,COVID-19-AR,covid_19_ar,IDC,NCI Imaging Data Commons / The Cancer Imaging Archive,IDC,COVID-19 (non-cancer),Lung,LUNG,single,clinical; radiology; wgs,105,,open,,,,,,,False,False,machine_only,https://portal.imaging.datacommons.cancer.gov/explore/?collection_id=covid_19_ar
idc-hcc-tace-seg,HCC-TACE-Seg,hcc_tace_seg,IDC,NCI Imaging Data Commons / The Cancer Imaging Archive,IDC,Hepatocellular carcinoma,Liver,LIVER,single,clinical; radiology,105,,open,,,,,,,False,False,machine_only,https://portal.imaging.datacommons.cancer.gov/explore/?collection_id=hcc_tace_seg
cbio-prad-mskcc-2014,"Prostate Adenocarcinoma (MSK, PNAS 2014)",prad_mskcc_2014,cBioPortal,Investigator-initiated cohort (harmonized in cBioPortal),,Prostate Adenocarcinoma,prostate,PROSTATE,single,copy_number,104,104,open,True,70.1,False,,301,,False,False,machine_only,https://www.cbioportal.org/study/summary?id=prad_mskcc_2014
cbio-brca-broad,"Breast Invasive Carcinoma (Broad, Nature 2012)",brca_broad,cBioPortal,Investigator-initiated cohort (harmonized in cBioPortal),,Invasive Breast Carcinoma,breast,BREAST,single,targeted_dna,103,103,open,,,False,,941,,False,False,machine_only,https://www.cbioportal.org/study/summary?id=brca_broad
cbio-acyc-mda-2015,"Adenoid Cystic Carcinoma (MDA, Clin Cancer Res 2015)",acyc_mda_2015,cBioPortal,Investigator-initiated cohort (harmonized in cBioPortal),,Adenoid Cystic Carcinoma,saca,HEAD_NECK,single,structural_variant; targeted_dna,102,102,open,,,False,,171,,False,False,machine_only,https://www.cbioportal.org/study/summary?id=acyc_mda_2015
pdc-prospective-colon-pnnl-phosphoproteome-lumos,Prospective Colon PNNL Phosphoproteome Lumos,PDC000117,PDC,Clinical Proteomic Tumor Analysis Consortium,Clinical Proteomic Tumor Analysis Consortium,Colon Adenocarcinoma,Colon,BOWEL,single,phosphoproteome,102,,open,True,0.0,False,2,15,-0.326,False,False,machine_only,https://pdc.cancer.gov/pdc/study/PDC000117
pdc-prospective-colon-pnnl-proteome-qeplus,Prospective Colon PNNL Proteome Qeplus,PDC000116,PDC,Clinical Proteomic Tumor Analysis Consortium,Clinical Proteomic Tumor Analysis Consortium,,,BOWEL,title_derived,proteome,102,,open,,,,19,,1.756,False,False,machine_only,https://pdc.cancer.gov/pdc/study/PDC000116
cbio-gbc-msk-2018,"Gallbladder Cancer (MSK, Cancer 2018)",gbc_msk_2018,cBioPortal,Investigator-initiated cohort (harmonized in cBioPortal),,Gallbladder Cancer,icpn,BILIARY_TRACT,single,copy_number; structural_variant; targeted_dna,101,103,open,,,False,,40,,False,False,machine_only,https://www.cbioportal.org/study/summary?id=gbc_msk_2018
gdc-wcdt-mcrpc,Genomic Characterization of Metastatic Castration Resistant Prostate Cancer,WCDT-MCRPC,GDC,WCDT,WCDT,Adenomas and Adenocarcinomas,Prostate gland,PROSTATE,single,copy_number; rna_seq; structural_variant; wgs,101,,mixed,True,95.2,False,27,1206,1.414,False,True,project_curated,https://portal.gdc.cancer.gov/projects/WCDT-MCRPC
pdc-apollo-luad-phosphoproteome-fenta,APOLLO LUAD - Phosphoproteome - FeNTA,PDC000436,PDC,Applied Proteogenomics OrganizationaL Learning and Outcomes (APOLLO),Applied Proteogenomics OrganizationaL Learning and Outcomes (APOLLO),Lung Adenocarcinoma,Bronchus and lung,LUNG,single,phosphoproteome,101,,open,True,50.4,False,0,,,False,False,machine_only,https://pdc.cancer.gov/pdc/study/PDC000436
pdc-apollo-luad-phosphoproteome-tio2,APOLLO LUAD - Phosphoproteome - TiO2,PDC000435,PDC,Applied Proteogenomics OrganizationaL Learning and Outcomes (APOLLO),Applied Proteogenomics OrganizationaL Learning and Outcomes (APOLLO),Lung Adenocarcinoma,Bronchus and lung,LUNG,single,phosphoproteome,101,,open,True,50.4,False,0,,,False,False,machine_only,https://pdc.cancer.gov/pdc/study/PDC000435
pdc-apollo-luad,APOLLO LUAD,PDC000434,PDC,Applied Proteogenomics OrganizationaL Learning and Outcomes (APOLLO),Applied Proteogenomics OrganizationaL Learning and Outcomes (APOLLO),Lung Adenocarcinoma,Bronchus and lung,LUNG,single,proteome,101,,open,True,50.4,False,0,,,False,False,machine_only,https://pdc.cancer.gov/pdc/study/PDC000434
cbio-brca-sanger,"Breast Invasive Carcinoma (Sanger, Nature 2012)",brca_sanger,cBioPortal,Investigator-initiated cohort (harmonized in cBioPortal),,Invasive Breast Carcinoma,breast,BREAST,single,targeted_dna,100,100,open,,,False,,1329,,False,False,machine_only,https://www.cbioportal.org/study/summary?id=brca_sanger
pdc-prospective-colon-vu-proteome,Prospective Colon VU Proteome,PDC000109,PDC,Clinical Proteomic Tumor Analysis Consortium,Clinical Proteomic Tumor Analysis Consortium,Colon Adenocarcinoma,Colon,BOWEL,single,proteome,100,,open,True,0.0,False,3,25,2.007,False,False,machine_only,https://pdc.cancer.gov/pdc/study/PDC000109
cbio-gbm-cptac-2021,"Glioblastoma (CPTAC, Cell 2021)",gbm_cptac_2021,cBioPortal,Investigator-initiated cohort (harmonized in cBioPortal),,Diffuse Glioma,brain,BRAIN,single,copy_number; mirna; proteome; rna_seq; targeted_dna,99,99,open,,,False,,574,,False,False,machine_only,https://www.cbioportal.org/study/summary?id=gbm_cptac_2021
cbio-paad-icgc,"Pancreatic Adenocarcinoma (ICGC, Nature 2012)",paad_icgc,cBioPortal,Investigator-initiated cohort (harmonized in cBioPortal),,Pancreatic Adenocarcinoma,pancreas,PANCREAS,single,targeted_dna,99,99,open,,,False,,1699,,False,False,machine_only,https://www.cbioportal.org/study/summary?id=paad_icgc
pdc-cptac-kf-ccdi-pediatric-aml-study,CPTAC-KF-CCDI-Pediatric AML Study,PDC000602,PDC,CPTAC-Kids First-Childhood Cancer Data Initiative,CPTAC-Kids First-Childhood Cancer Data Initiative,Acute Myeloid Leukemia,Bone Marrow; Blood,MYELOID,single,phosphoproteome; proteome,99,,open,,,False,0,,,False,False,machine_only,https://pdc.cancer.gov/pdc/study/PDC000602
pdc-cptac-kf-ccdi-pediatric-brain-cancer-study-ependymoma-phosphoproteome,CPTAC-KF-CCDI-Pediatric Brain Cancer Study - Ependymoma Phosphoproteome,PDC000647,PDC,CPTAC-Kids First-Childhood Cancer Data Initiative,CPTAC-Kids First-Childhood Cancer Data Initiative,Pediatric/AYA Brain Tumors,"Brain; Spinal cord, cranial nerves, and other parts of central nervous system",BRAIN,single,phosphoproteome,98,,open,True,32.5,False,0,,,False,False,machine_only,https://pdc.cancer.gov/pdc/study/PDC000647
pdc-cptac-kf-ccdi-pediatric-brain-cancer-study-ependymoma-phosphotyrosine,CPTAC-KF-CCDI-Pediatric Brain Cancer Study - Ependymoma Phosphotyrosine,PDC000651,PDC,CPTAC-Kids First-Childhood Cancer Data Initiative,CPTAC-Kids First-Childhood Cancer Data Initiative,Pediatric/AYA Brain Tumors,"Brain; Spinal cord, cranial nerves, and other parts of central nervous system",BRAIN,single,phosphoproteome,98,,open,True,32.5,False,0,,,False,False,machine_only,https://pdc.cancer.gov/pdc/study/PDC000651
pdc-cptac-kf-ccdi-pediatric-brain-cancer-study-ependymoma-proteome,CPTAC-KF-CCDI-Pediatric Brain Cancer Study - Ependymoma Proteome,PDC000646,PDC,CPTAC-Kids First-Childhood Cancer Data Initiative,CPTAC-Kids First-Childhood Cancer Data Initiative,Pediatric/AYA Brain Tumors,"Brain; Spinal cord, cranial nerves, and other parts of central nervous system",BRAIN,single,proteome,98,,open,True,32.5,False,0,,,False,False,machine_only,https://pdc.cancer.gov/pdc/study/PDC000646
cbio-blca-mskcc-solit-2012,"Bladder Cancer (MSK, J Clin Onco 2013)",blca_mskcc_solit_2012,cBioPortal,Investigator-initiated cohort (harmonized in cBioPortal),,Bladder Urothelial Carcinoma,bladder,BLADDER,single,copy_number; methylation; rna_seq; targeted_dna,97,97,open,True,11.6,False,,236,,False,False,machine_only,https://www.cbioportal.org/study/summary?id=blca_mskcc_solit_2012
pdc-prospective-ovarian-jhu-intact-glycoproteome,Prospective Ovarian JHU Intact Glycoproteome,PDC000250,PDC,Clinical Proteomic Tumor Analysis Consortium,Clinical Proteomic Tumor Analysis Consortium,Ovarian Serous Cystadenocarcinoma,Ovary,OVARY,single,glycoproteome,97,,open,True,0.0,False,1,11,1.022,False,False,machine_only,https://pdc.cancer.gov/pdc/study/PDC000250
pdc-prospective-ovarian-jhu-n-linked-glycosite-containing-peptide,Prospective Ovarian JHU N-linked Glycosite-containing peptide,PDC000251,PDC,Clinical Proteomic Tumor Analysis Consortium,Clinical Proteomic Tumor Analysis Consortium,Ovarian Serous Cystadenocarcinoma,Ovary,OVARY,single,glycoproteome,97,,open,True,0.0,False,1,,1.022,False,False,machine_only,https://pdc.cancer.gov/pdc/study/PDC000251
pdc-prospective-ovarian-jhu-proteome,Prospective Ovarian JHU Proteome,PDC000110,PDC,Clinical Proteomic Tumor Analysis Consortium,Clinical Proteomic Tumor Analysis Consortium,Ovarian Serous Cystadenocarcinoma,Ovary,OVARY,single,proteome,97,,open,True,0.0,False,15,,1.458,False,False,machine_only,https://pdc.cancer.gov/pdc/study/PDC000110
cbio-past-dkfz-heidelberg-2013,"Pilocytic Astrocytoma (ICGC, Nature Genetics 2013)",past_dkfz_heidelberg_2013,cBioPortal,Investigator-initiated cohort (harmonized in cBioPortal),,Pilocytic Astrocytoma,encg,BRAIN,single,structural_variant; targeted_dna,96,96,open,True,11.0,False,,635,,False,False,machine_only,https://www.cbioportal.org/study/summary?id=past_dkfz_heidelberg_2013
cbio-ucec-cptac-2020,"Endometrial Carcinoma (CPTAC, Cell 2020)",ucec_cptac_2020,cBioPortal,Investigator-initiated cohort (harmonized in cBioPortal),,Endometrial Carcinoma,uterus,UTERUS,single,copy_number; mirna; rna_seq; targeted_dna,95,81,open,,,False,,408,,False,False,machine_only,https://www.cbioportal.org/study/summary?id=ucec_cptac_2020
idc-cc-radiomics-phantom-3,CC-Radiomics-Phantom-3,cc_radiomics_phantom_3,IDC,NCI Imaging Data Commons / The Cancer Imaging Archive,IDC,Phantom,Head; Chest; Phantom,,non_cancer,radiology,95,,open,,,,,,,False,False,machine_only,https://portal.imaging.datacommons.cancer.gov/explore/?collection_id=cc_radiomics_phantom_3
idc-cptac-cm,CPTAC-CM,cptac_cm,IDC,NCI Imaging Data Commons / The Cancer Imaging Archive,IDC,Cutaneous Melanoma,Skin,SKIN,single,clinical; radiology,95,,open,,,,,,,False,False,machine_only,https://portal.imaging.datacommons.cancer.gov/explore/?collection_id=cptac_cm
pdc-prospective-ovarian-pnnl-phosphoproteome-lumos,Prospective Ovarian PNNL Phosphoproteome Lumos,PDC000119,PDC,Clinical Proteomic Tumor Analysis Consortium,Clinical Proteomic Tumor Analysis Consortium,Ovarian Serous Cystadenocarcinoma,Ovary,OVARY,single,phosphoproteome,95,,open,True,0.0,False,1,,1.032,False,False,machine_only,https://pdc.cancer.gov/pdc/study/PDC000119
pdc-prospective-ovarian-pnnl-proteome-qeplus,Prospective Ovarian PNNL Proteome Qeplus,PDC000118,PDC,Clinical Proteomic Tumor Analysis Consortium,Clinical Proteomic Tumor Analysis Consortium,Ovarian Serous Cystadenocarcinoma,Ovary,OVARY,single,proteome,95,,open,True,0.0,False,3,,0.123,False,False,machine_only,https://pdc.cancer.gov/pdc/study/PDC000118
cbio-ptad-msk-2024,"Pituitary Adenoma (MSK, Acta Neuropathologica 2024)",ptad_msk_2024,cBioPortal,Investigator-initiated cohort (harmonized in cBioPortal),,Pituitary Adenoma,selt,BRAIN,single,copy_number; structural_variant; targeted_dna; treatment,92,104,open,True,54.7,False,,29,,False,False,machine_only,https://www.cbioportal.org/study/summary?id=ptad_msk_2024
cbio-mbl-broad-2012,"Medulloblastoma (Broad, Nature 2012)",mbl_broad_2012,cBioPortal,Investigator-initiated cohort (harmonized in cBioPortal),,Medulloblastoma,embt,BRAIN,single,targeted_dna,92,92,open,,,False,,631,,False,False,machine_only,https://www.cbioportal.org/study/summary?id=mbl_broad_2012
gdc-tcga-acc,Adrenocortical Carcinoma,TCGA-ACC,GDC,TCGA,TCGA,Adenomas and Adenocarcinomas,Adrenal Glands; Adrenal gland,ADRENAL_GLAND,single,atac_seq; clinical; copy_number; histopathology; methylation; mirna; protein_array; radiology; rna_seq; structural_variant; wgs; wxs,92,,mixed,True,38.8,True,395,,0.59,False,False,machine_only,https://portal.gdc.cancer.gov/projects/TCGA-ACC
idc-prostate-diagnosis,PROSTATE-DIAGNOSIS,prostate_diagnosis,IDC,NCI Imaging Data Commons / The Cancer Imaging Archive,IDC,Prostate Cancer,Prostate,PROSTATE,single,clinical; radiology,92,,open,,,,,,,False,False,machine_only,https://portal.imaging.datacommons.cancer.gov/explore/?collection_id=prostate_diagnosis
idc-cptac-aml,CPTAC-AML,cptac_aml,IDC,NCI Imaging Data Commons / The Cancer Imaging Archive,IDC,Acute Myeloid Leukemia,Marrow; Blood,MYELOID,single,clinical; radiology,91,,open,,,,,,,False,False,machine_only,https://portal.imaging.datacommons.cancer.gov/explore/?collection_id=cptac_aml
pdc-tcga-colon-cancer-proteome,TCGA Colon Cancer Proteome,PDC000111,PDC,Clinical Proteomic Tumor Analysis Consortium,Clinical Proteomic Tumor Analysis Consortium,Colon Adenocarcinoma; Rectum Adenocarcinoma,Colon; Rectum,BOWEL,single,proteome,90,,open,True,19.0,False,5,,0.079,False,False,machine_only,https://pdc.cancer.gov/pdc/study/PDC000111
pdc-kncc-medulloblastoma-kbri,KNCC Medulloblastoma - KBRI,PDC000525,PDC,International Cancer Proteogenome Consortium,International Cancer Proteogenome Consortium,Pediatric/AYA Brain Tumors,Brain,BRAIN,single,phosphoproteome; proteome,90,,open,True,43.9,False,0,,0.602,False,False,machine_only,https://pdc.cancer.gov/pdc/study/PDC000525
idc-nsclc-radiomics-genomics,NSCLC-Radiomics-Genomics,nsclc_radiomics_genomics,IDC,NCI Imaging Data Commons / The Cancer Imaging Archive,IDC,Lung Cancer,Lung,LUNG,single,clinical; radiology; rna_seq; wgs,89,,open,,,,,,,False,False,machine_only,https://portal.imaging.datacommons.cancer.gov/explore/?collection_id=nsclc_radiomics_genomics
pdc-hope-aya-gbm,HOPE-AYA GBM,PDC000499,PDC,Pediatric Brain Tumor Atlas - CBTN,Pediatric Brain Tumor Atlas - CBTN,Pediatric/AYA Brain Tumors; Gliomas,Brain,BRAIN,single,glycoproteome; phosphoproteome; proteome,89,,open,True,26.8,False,0,,,False,False,machine_only,https://pdc.cancer.gov/pdc/study/PDC000499
idc-breast-diagnosis,BREAST-DIAGNOSIS,breast_diagnosis,IDC,NCI Imaging Data Commons / The Cancer Imaging Archive,IDC,Breast Cancer,Breast,BREAST,single,clinical; radiology,88,,open,,,,,,,False,False,machine_only,https://portal.imaging.datacommons.cancer.gov/explore/?collection_id=breast_diagnosis
idc-cptac-sar,CPTAC-SAR,cptac_sar,IDC,NCI Imaging Data Commons / The Cancer Imaging Archive,IDC,Sarcomas,Abdomen; Arm; Bladder; Chest; Head-Neck; Kidney; Leg; Retroperitoneum,SOFT_TISSUE,single,clinical; radiology,88,,open,,,,,,,False,False,machine_only,https://portal.imaging.datacommons.cancer.gov/explore/?collection_id=cptac_sar
gdc-tcga-meso,Mesothelioma,TCGA-MESO,GDC,TCGA,TCGA,Mesothelial Neoplasms,"Bronchus and lung; Heart, mediastinum, and pleura; Mesothelium",PLEURA,single,atac_seq; clinical; copy_number; histopathology; methylation; mirna; protein_array; radiology; rna_seq; structural_variant; wgs; wxs,87,,mixed,True,17.3,True,395,,0.617,False,False,machine_only,https://portal.gdc.cancer.gov/projects/TCGA-MESO
gdc-apollo-luad,APOLLO1: Proteogenomic characterization of lung adenocarcinoma,APOLLO-LUAD,GDC,APOLLO,APOLLO,Adenomas and Adenocarcinomas,Bronchus and lung,LUNG,single,copy_number; rna_seq; structural_variant; wgs,87,,mixed,True,50.4,False,3,73,0.135,False,False,machine_only,https://portal.gdc.cancer.gov/projects/APOLLO-LUAD
cbio-all-stjude-2015,"Acute Lymphoblastic Leukemia (St Jude, Nat Genet 2015)",all_stjude_2015,cBioPortal,Investigator-initiated cohort (harmonized in cBioPortal),,B-Lymphoblastic Leukemia/Lymphoma,lnm,LYMPH,single,structural_variant; targeted_dna,85,93,open,,,False,,410,,False,False,machine_only,https://www.cbioportal.org/study/summary?id=all_stjude_2015
pdc-tcga-ovarian-pnnl-proteome,TCGA Ovarian PNNL Proteome,PDC000114,PDC,Clinical Proteomic Tumor Analysis Consortium,Clinical Proteomic Tumor Analysis Consortium,Ovarian Serous Cystadenocarcinoma,Ovary,OVARY,single,proteome,85,,open,True,42.0,False,7,29,0.522,False,False,machine_only,https://pdc.cancer.gov/pdc/study/PDC000114
gdc-exceptional_responders-er,Exceptional Responders,EXCEPTIONAL_RESPONDERS-ER,GDC,EXCEPTIONAL_RESPONDERS,EXCEPTIONAL_RESPONDERS,"Neoplasms, NOS; Complex Mixed and Stromal Neoplasms; Adenomas and Adenocarcinomas; Gliomas; Myomatous Neoplasms; Nevi and Melanomas; Epithelial Neoplasms, NOS; Ductal and Lobular Neoplasms","Esophagus; Stomach; Skin; Unknown; Bladder; Connective, subcutaneous and other soft tissues; Breast; Pancreas",,pan_cancer,clinical; rna_seq; structural_variant; targeted_dna; wxs,84,,mixed,True,64.2,True,2,85,-1.769,True,False,machine_only,https://portal.gdc.cancer.gov/projects/EXCEPTIONAL_RESPONDERS-ER
pdc-cptac-kf-ccdi-pediatric-brain-cancer-study-ganglioglioma-cpc-cpp-phosp,CPTAC-KF-CCDI-Pediatric Brain Cancer Study - Ganglioglioma-CPC-CPP Phosphoproteome,PDC000701,PDC,CPTAC-Kids First-Childhood Cancer Data Initiative,CPTAC-Kids First-Childhood Cancer Data Initiative,Gliomas; Pediatric/AYA Brain Tumors,Brain,BRAIN,single,phosphoproteome,84,,open,,,False,0,,,False,False,machine_only,https://pdc.cancer.gov/pdc/study/PDC000701
pdc-cptac-kf-ccdi-pediatric-brain-cancer-study-ganglioglioma-cpc-cpp-phosp-pdc000704,CPTAC-KF-CCDI-Pediatric Brain Cancer Study - Ganglioglioma-CPC-CPP Phosphotyrosine,PDC000704,PDC,CPTAC-Kids First-Childhood Cancer Data Initiative,CPTAC-Kids First-Childhood Cancer Data Initiative,Gliomas; Pediatric/AYA Brain Tumors,Brain,BRAIN,single,phosphoproteome,84,,open,,,False,0,,,False,False,machine_only,https://pdc.cancer.gov/pdc/study/PDC000704
pdc-cptac-kf-ccdi-pediatric-brain-cancer-study-ganglioglioma-cpc-cpp-prote,CPTAC-KF-CCDI-Pediatric Brain Cancer Study - Ganglioglioma-CPC-CPP Proteome,PDC000700,PDC,CPTAC-Kids First-Childhood Cancer Data Initiative,CPTAC-Kids First-Childhood Cancer Data Initiative,Gliomas; Pediatric/AYA Brain Tumors,Brain,BRAIN,single,proteome,84,,open,,,False,0,,,False,False,machine_only,https://pdc.cancer.gov/pdc/study/PDC000700
cbio-utuc-mskcc-2015,"Upper Tract Urothelial Cancer (MSK, Eur Urol 2015)",utuc_mskcc_2015,cBioPortal,Investigator-initiated cohort (harmonized in cBioPortal),,Upper Tract Urothelial Carcinoma,bladder,BLADDER,single,copy_number; targeted_dna,83,85,open,True,33.0,False,,221,,False,False,machine_only,https://www.cbioportal.org/study/summary?id=utuc_mskcc_2015
cbio-cscc-ucsf-2021,"Cutaneous Squamous Cell Carcinoma (UCSF, NPJ Genom Med 2021)",cscc_ucsf_2021,cBioPortal,Investigator-initiated cohort (harmonized in cBioPortal),,Cutaneous Squamous Cell Carcinoma,skin,SKIN,single,targeted_dna,83,83,open,,,False,,123,,False,False,machine_only,https://www.cbioportal.org/study/summary?id=cscc_ucsf_2021
idc-acrin-flt-breast,ACRIN-FLT-Breast,acrin_flt_breast,IDC,NCI Imaging Data Commons / The Cancer Imaging Archive,IDC,Breast Cancer,Breast,BREAST,single,clinical; radiology,83,,open,,,,,,,False,False,machine_only,https://portal.imaging.datacommons.cancer.gov/explore/?collection_id=acrin_flt_breast
cbio-prad-broad-2013,"Prostate Adenocarcinoma (Broad/Cornell, Cell 2013)",prad_broad_2013,cBioPortal,Investigator-initiated cohort (harmonized in cBioPortal),,Prostate Adenocarcinoma,prostate,PROSTATE,single,copy_number; structural_variant; targeted_dna,82,82,open,,,False,,1054,,False,False,machine_only,https://www.cbioportal.org/study/summary?id=prad_broad_2013
cbio-sarcoma-msk-2023,"Sarcoma (MSK, J Pathol 2023)",sarcoma_msk_2023,cBioPortal,Investigator-initiated cohort (harmonized in cBioPortal),,Mixed Cancer Types,other,,pan_cancer,copy_number; structural_variant; targeted_dna,82,82,open,True,15.6,False,,16,,False,False,machine_only,https://www.cbioportal.org/study/summary?id=sarcoma_msk_2023
cbio-nepc-wcm-2016,"Neuroendocrine Prostate Cancer (Multi-Institute, Nat Med 2016)",nepc_wcm_2016,cBioPortal,Investigator-initiated cohort (harmonized in cBioPortal),,Prostate Adenocarcinoma,prostate,PROSTATE,single,targeted_dna,81,114,open,,,False,,1452,,False,False,machine_only,https://www.cbioportal.org/study/summary?id=nepc_wcm_2016
cbio-rbl-mskcc-2020,"Retinoblastoma (MSK, Cancers 2021)",rbl_mskcc_2020,cBioPortal,Investigator-initiated cohort (harmonized in cBioPortal),,Retinoblastoma,eye,EYE,single,copy_number; structural_variant; targeted_dna,81,83,open,,,False,,40,,False,False,machine_only,https://www.cbioportal.org/study/summary?id=rbl_mskcc_2020
cbio-panet-msk-2018,"Metastatic Pancreatic Neuroendocrine Tumor (MSK, JCO Precis Oncol 2018)",panet_msk_2018,cBioPortal,Investigator-initiated cohort (harmonized in cBioPortal),,Pancreatic Neuroendocrine Tumor,pancreas,PANCREAS,single,copy_number; targeted_dna,80,96,open,True,39.2,False,,58,,False,False,machine_only,https://www.cbioportal.org/study/summary?id=panet_msk_2018
cbio-sclc-jhu,"Small Cell Lung Cancer (Johns Hopkins, Nat Genet 2012)",sclc_jhu,cBioPortal,Investigator-initiated cohort (harmonized in cBioPortal),,Small Cell Lung Cancer,lnet,LUNG,single,structural_variant; targeted_dna,80,80,open,,,False,,874,,False,False,machine_only,https://www.cbioportal.org/study/summary?id=sclc_jhu
gdc-tcga-uvm,Uveal Melanoma,TCGA-UVM,GDC,TCGA,TCGA,Nevi and Melanomas; Paragangliomas and Glomus Tumors,Eye and adnexa; Intraocular,EYE,single,clinical; copy_number; histopathology; methylation; mirna; protein_array; radiology; rna_seq; structural_variant; wgs; wxs,80,,mixed,True,28.1,True,395,,0.863,False,False,machine_only,https://portal.gdc.cancer.gov/projects/TCGA-UVM
idc-icdc-glioma,ICDC-Glioma,icdc_glioma,IDC,NCI Imaging Data Commons / The Cancer Imaging Archive,IDC,Glioma,Head,BRAIN,single,radiology; wgs,80,,open,,,,,,,False,False,machine_only,https://portal.imaging.datacommons.cancer.gov/explore/?collection_id=icdc_glioma
idc-pancreas-ct,Pancreas-CT,pancreas_ct,IDC,NCI Imaging Data Commons / The Cancer Imaging Archive,IDC,Healthy Controls (non-cancer),Pancreas,PANCREAS,single,radiology,80,,open,,,,,,,False,False,machine_only,https://portal.imaging.datacommons.cancer.gov/explore/?collection_id=pancreas_ct
pdc-proteogenomics-of-gastric-cancer,Proteogenomics of Gastric Cancer,PDC000216,PDC,International Cancer Proteogenome Consortium,International Cancer Proteogenome Consortium,Early Onset Gastric Cancer,Stomach,STOMACH,single,glycoproteome; phosphoproteome; proteome,80,,open,,,False,4,19,-1.906,True,False,machine_only,https://pdc.cancer.gov/pdc/study/PDC000216
cbio-hnsc-a5consortium-2025,"Hereditary SDHB-Mutant Pheochromocytomas and Paragangliomas (A5 Consortium, Nature Comm 2025)",hnsc_a5consortium_2025,cBioPortal,Investigator-initiated cohort (harmonized in cBioPortal),,Head and Neck Squamous Cell Carcinoma,head_neck,HEAD_NECK,single,targeted_dna,79,94,open,True,72.3,False,,26,,False,False,machine_only,https://www.cbioportal.org/study/summary?id=hnsc_a5consortium_2025
idc-cmb-brca,CMB-BRCA,cmb_brca,IDC,NCI Imaging Data Commons / The Cancer Imaging Archive,IDC,Breast Invasive Carcinoma,Breast,BREAST,single,clinical; radiology,78,,open,,,,,,,False,False,machine_only,https://portal.imaging.datacommons.cancer.gov/explore/?collection_id=cmb_brca
cbio-ntrk-msk-2019,"Tumors with TRK fusions (MSK, Clin Cancer Res 2020)",ntrk_msk_2019,cBioPortal,Investigator-initiated cohort (harmonized in cBioPortal),,Mixed Cancer Types,other,,pan_cancer,copy_number; structural_variant; targeted_dna; treatment,76,106,open,,,False,,135,,False,False,machine_only,https://www.cbioportal.org/study/summary?id=ntrk_msk_2019
cbio-nsclc-mskcc-2018,"Non-Small Cell Lung Cancer (MSK, Cancer Cell 2018)",nsclc_mskcc_2018,cBioPortal,Investigator-initiated cohort (harmonized in cBioPortal),,Non-Small Cell Lung Cancer,lung,LUNG,single,targeted_dna,75,75,open,True,5.4,True,,882,,False,False,machine_only,https://www.cbioportal.org/study/summary?id=nsclc_mskcc_2018
cbio-paad-iatlas-prince-2022,"Metastatic Pancreatic Adenocarcinoma (PRINCE Trial, Nat Med. 2022) - iAtlas Harmonized",paad_iatlas_prince_2022,cBioPortal,Investigator-initiated cohort (harmonized in cBioPortal),,Pancreatic Adenocarcinoma,pancreas,PANCREAS,single,rna_seq; targeted_dna,74,93,open,True,9.8,True,,318,,False,False,machine_only,https://www.cbioportal.org/study/summary?id=paad_iatlas_prince_2022
cbio-coadread-genentech,"Colorectal Adenocarcinoma (Genentech, Nature 2012)",coadread_genentech,cBioPortal,Investigator-initiated cohort (harmonized in cBioPortal),,Colorectal Adenocarcinoma,bowel,BOWEL,single,targeted_dna,74,74,open,,,False,,814,,False,False,machine_only,https://www.cbioportal.org/study/summary?id=coadread_genentech
cbio-hnsc-broad,"Head and Neck Squamous Cell Carcinoma (Broad, Science 2011)",hnsc_broad,cBioPortal,Investigator-initiated cohort (harmonized in cBioPortal),,Head and Neck Squamous Cell Carcinoma,head_neck,HEAD_NECK,single,targeted_dna,74,74,open,,,False,,2003,,False,False,machine_only,https://www.cbioportal.org/study/summary?id=hnsc_broad
cbio-crc-orion-2024,"Colorectal Adenocarcinoma (DFCI/Orion, BioRxiv 2024)",crc_orion_2024,cBioPortal,Investigator-initiated cohort (harmonized in cBioPortal),,Bowel,tissue,BOWEL,single,copy_number; structural_variant; targeted_dna,74,74,open,True,64.6,False,,3,,False,False,machine_only,https://www.cbioportal.org/study/summary?id=crc_orion_2024
idc-cmb-crc,CMB-CRC,cmb_crc,IDC,NCI Imaging Data Commons / The Cancer Imaging Archive,IDC,Colorectal Cancer,Colon,BOWEL,single,clinical; radiology,74,,open,,,,,,,False,False,machine_only,https://portal.imaging.datacommons.cancer.gov/explore/?collection_id=cmb_crc
cbio-difg-msk-2023,"IDH-mutated Diffuse Glioma (MSK, Clin Cancer Res 2024)",difg_msk_2023,cBioPortal,Investigator-initiated cohort (harmonized in cBioPortal),,Diffuse Glioma,brain,BRAIN,single,copy_number; structural_variant; targeted_dna,73,73,open,True,75.3,False,,31,,False,False,machine_only,https://www.cbioportal.org/study/summary?id=difg_msk_2023
idc-cptac-ov,CPTAC-OV,cptac_ov,IDC,NCI Imaging Data Commons / The Cancer Imaging Archive,IDC,Ovarian Cancer,Ovary,OVARY,single,clinical; proteome; radiology; wgs,73,,open,,,,,,,False,False,machine_only,https://portal.imaging.datacommons.cancer.gov/explore/?collection_id=cptac_ov
cbio-mixed-selpercatinib-2020,"Mixed Tumors Selpercatinib RET Trial (MSK, Nat Commun. 2022)",mixed_selpercatinib_2020,cBioPortal,Investigator-initiated cohort (harmonized in cBioPortal),,Mixed Cancer Types,other,,pan_cancer,copy_number; structural_variant; targeted_dna,72,188,open,,,False,,101,,False,False,machine_only,https://www.cbioportal.org/study/summary?id=mixed_selpercatinib_2020
pdc-apollo-ov,APOLLO-OV,PDC000585,PDC,Applied Proteogenomics OrganizationaL Learning and Outcomes (APOLLO),Applied Proteogenomics OrganizationaL Learning and Outcomes (APOLLO),"Epithelial Neoplasms, NOS",Ovary; Retroperitoneum and peritoneum,OVARY,single,proteome,72,,open,True,40.8,False,0,,,False,False,machine_only,https://pdc.cancer.gov/pdc/study/PDC000585
pdc-cptac-hcmi-organoids-phase-1,CPTAC-HCMI-Organoids Phase 1,PDC000713,PDC,CPTAC-Human Cancer Models Initiative,CPTAC-Human Cancer Models Initiative,Glioblastoma; Colon Adenocarcinoma; Pancreatic Ductal Adenocarcinoma; Pancreatic Adenocarcinoma; Rectum Adenocarcinoma,Brain; Colon; Pancreas; Rectum,BRAIN,single,acetylproteome; phosphoproteome; proteome; ubiquitylome,71,,open,True,13.2,False,0,,,False,False,machine_only,https://pdc.cancer.gov/pdc/study/PDC000713
gdc-apollo-ov,APOLLO2: Proteogenomic characterization of ovarian serous cystadenocarcinoma,APOLLO-OV,GDC,APOLLO,APOLLO,"Epithelial Neoplasms, NOS",Ovary; Retroperitoneum and peritoneum,OVARY,single,copy_number; rna_seq; structural_variant; wgs,70,,mixed,False,,False,0,,,False,False,machine_only,https://portal.gdc.cancer.gov/projects/APOLLO-OV
gdc-organoid-pancreatic,Pancreas Cancer Organoid Profiling,ORGANOID-PANCREATIC,GDC,ORGANOID,ORGANOID,Unknown; Adenomas and Adenocarcinomas,Pancreas,PANCREAS,single,rna_seq; structural_variant; wgs; wxs,70,,mixed,False,,False,6,898,1.046,False,True,project_curated,https://portal.gdc.cancer.gov/projects/ORGANOID-PANCREATIC
gdc-cgci-htmcp-dlbcl,HIV+ Tumor Molecular Characterization Project - Diffuse Large B-Cell Lymphoma,CGCI-HTMCP-DLBCL,GDC,CGCI,CGCI,Mature B-Cell Lymphomas,Hematopoietic and reticuloendothelial systems; Various,LYMPH,single,clinical; copy_number; histopathology; mirna; radiology; rna_seq; structural_variant; wgs,70,,mixed,True,11.3,True,2,0,0.88,False,True,project_curated,https://portal.gdc.cancer.gov/projects/CGCI-HTMCP-DLBCL
idc-spie-aapm-lung-ct-challenge,SPIE-AAPM Lung CT Challenge,spie_aapm_lung_ct_challenge,IDC,NCI Imaging Data Commons / The Cancer Imaging Archive,IDC,Lung Cancer,Lung,LUNG,single,clinical; radiology,70,,open,,,,,,,False,False,machine_only,https://portal.imaging.datacommons.cancer.gov/explore/?collection_id=spie_aapm_lung_ct_challenge
pdc-tcga-ovarian-pnnl-phosphoproteome-velos-qexactive,TCGA Ovarian PNNL Phosphoproteome Velos Qexactive,PDC000115,PDC,Clinical Proteomic Tumor Analysis Consortium,Clinical Proteomic Tumor Analysis Consortium,Ovarian Serous Cystadenocarcinoma,Ovary,OVARY,single,phosphoproteome,70,,open,True,42.0,False,1,,1.178,False,False,machine_only,https://pdc.cancer.gov/pdc/study/PDC000115
pdc-apollo-brca-1-phosphoproteome-tio2,APOLLO-BRCA-1 - Phosphoproteome - TiO2,PDC000759,PDC,Applied Proteogenomics OrganizationaL Learning and Outcomes (APOLLO),Applied Proteogenomics OrganizationaL Learning and Outcomes (APOLLO),Ductal and Lobular Neoplasms,Breast,BREAST,single,phosphoproteome,70,,open,True,93.9,False,0,,,False,False,machine_only,https://pdc.cancer.gov/pdc/study/PDC000759
pdc-apollo-brca-1-phosphoproteome-fenta,APOLLO-BRCA-1 - Phosphoproteome - FeNTA,PDC000758,PDC,Applied Proteogenomics OrganizationaL Learning and Outcomes (APOLLO),Applied Proteogenomics OrganizationaL Learning and Outcomes (APOLLO),Ductal and Lobular Neoplasms,Breast,BREAST,single,phosphoproteome,70,,open,True,93.9,False,0,,,False,False,machine_only,https://pdc.cancer.gov/pdc/study/PDC000758
pdc-apollo-brca-1,APOLLO-BRCA-1,PDC000757,PDC,Applied Proteogenomics OrganizationaL Learning and Outcomes (APOLLO),Applied Proteogenomics OrganizationaL Learning and Outcomes (APOLLO),Ductal and Lobular Neoplasms,Breast,BREAST,single,proteome,70,,open,True,93.9,False,0,,,False,False,machine_only,https://pdc.cancer.gov/pdc/study/PDC000757
cbio-coadread-mskcc,"Colorectal Adenocarcinoma Triplets (MSK, Genome Biol 2014)",coadread_mskcc,cBioPortal,Investigator-initiated cohort (harmonized in cBioPortal),,Colorectal Adenocarcinoma,bowel,BOWEL,single,targeted_dna,69,138,open,,,False,,310,,False,False,machine_only,https://www.cbioportal.org/study/summary?id=coadread_mskcc
cbio-all-stjude-2016,"Acute Lymphoblastic Leukemia (St Jude, Nat Genet 2016)",all_stjude_2016,cBioPortal,Investigator-initiated cohort (harmonized in cBioPortal),,B-Lymphoblastic Leukemia/Lymphoma,lnm,LYMPH,single,targeted_dna,69,73,open,,,False,,259,,False,False,machine_only,https://www.cbioportal.org/study/summary?id=all_stjude_2016
cbio-mixed-impact-subset-2022,Pan-Cancer MSK-IMPACT MET Validation Cohort (MSK 2022),mixed_impact_subset_2022,cBioPortal,Investigator-initiated cohort (harmonized in cBioPortal),,Mixed Cancer Types,other,,pan_cancer,copy_number; targeted_dna,69,69,open,True,17.9,False,,18,,False,False,machine_only,https://www.cbioportal.org/study/summary?id=mixed_impact_subset_2022
cbio-ucs-msk-2024,"Endometrial Carcinoma (MSK, Molecular Oncology 2024)",ucs_msk_2024,cBioPortal,Investigator-initiated cohort (harmonized in cBioPortal),,Endometrial Carcinoma,uterus,UTERUS,single,copy_number; structural_variant; targeted_dna,69,69,open,True,40.3,False,,8,,False,False,machine_only,https://www.cbioportal.org/study/summary?id=ucs_msk_2024
gdc-target-rt,Rhabdoid Tumor,TARGET-RT,GDC,TARGET,TARGET,Complex Mixed and Stromal Neoplasms,Liver and intrahepatic bile ducts; Lip; Kidney,HEAD_NECK; KIDNEY; LIVER,several,clinical; methylation; mirna; rna_seq; structural_variant; wgs,69,,mixed,True,8.1,False,270,275,0.424,False,False,machine_only,https://portal.gdc.cancer.gov/projects/TARGET-RT
htan-center-for-pediatric-tumor-cell-atlas,Center for Pediatric Tumor Cell Atlas,HTA4,HTAN,Human Tumor Atlas Network,HTAN,,,,title_derived,bulk_dna; scatac_seq; scrna_seq; spatial_proteomics,69,,mixed,True,,,0,179,-1.446,False,False,machine_only,https://humantumoratlas.org/explore
cbio-brca-mskcc-2019,"Breast Cancer (MSK, NPJ Breast Cancer 2019)",brca_mskcc_2019,cBioPortal,Investigator-initiated cohort (harmonized in cBioPortal),,Invasive Breast Carcinoma,breast,BREAST,single,copy_number; targeted_dna,68,70,open,,,True,,36,,False,False,machine_only,https://www.cbioportal.org/study/summary?id=brca_mskcc_2019
gdc-apollo-brca-1,Proteogenomic analysis of tumors from young women with breast cancer,APOLLO-BRCA-1,GDC,APOLLO,APOLLO,Ductal and Lobular Neoplasms,Breast,BREAST,single,rna_seq; structural_variant,68,,mixed,False,,False,0,2,2.127,False,False,machine_only,https://portal.gdc.cancer.gov/projects/APOLLO-BRCA-1
idc-qin-breast,QIN-BREAST,qin_breast,IDC,NCI Imaging Data Commons / The Cancer Imaging Archive,IDC,Breast Cancer,Breast,BREAST,single,clinical; radiology,68,,open,,,,,,,False,False,machine_only,https://portal.imaging.datacommons.cancer.gov/explore/?collection_id=qin_breast
gdc-pecgs-copecc,USC PE-CGS: Optimizing Engagement of Hispanic Colorectal Cancer Patients in Cancer Genomic Characterization Studies,PECGS-COPECC,GDC,PECGS,PECGS,Adenomas and Adenocarcinomas,Rectosigmoid junction; Colon; Rectum,BOWEL,single,clinical; rna_seq; structural_variant,67,,mixed,True,19.1,False,0,,,False,False,machine_only,https://portal.gdc.cancer.gov/projects/PECGS-COPECC
idc-spinal-multiple-myeloma-seg,Spinal-Multiple-Myeloma-SEG,spinal_multiple_myeloma_seg,IDC,NCI Imaging Data Commons / The Cancer Imaging Archive,IDC,Multiple Myeloma,Marrow; TSpine; LSpine; Bone,LYMPH,single,clinical; radiology,67,,open,,,,,,,False,False,machine_only,https://portal.imaging.datacommons.cancer.gov/explore/?collection_id=spinal_multiple_myeloma_seg
cbio-skcm-vanderbilt-mskcc-2015,"Metastatic Melanoma (MSK, JCO Precis Oncol 2017)",skcm_vanderbilt_mskcc_2015,cBioPortal,Investigator-initiated cohort (harmonized in cBioPortal),,Cutaneous Melanoma,mel,SKIN,single,copy_number; targeted_dna,66,66,open,True,14.6,False,,49,,False,False,machine_only,https://www.cbioportal.org/study/summary?id=skcm_vanderbilt_mskcc_2015
pdc-ptrc-hgsoc-frozen-validation,PTRC HGSOC Frozen Validation,PDC000361,PDC,Clinical Proteomic Tumor Analysis Consortium,Clinical Proteomic Tumor Analysis Consortium,Ovarian Serous Cystadenocarcinoma,Ovary,OVARY,single,phosphoproteome; proteome,66,,open,,,False,1,1,0.166,False,False,machine_only,https://pdc.cancer.gov/pdc/study/PDC000361
pdc-cptac-kf-ccdi-pediatric-brain-cancer-study-craniopharyngioma-phosphoty,CPTAC-KF-CCDI-Pediatric Brain Cancer Study - Craniopharyngioma Phosphotyrosine,PDC000676,PDC,CPTAC-Kids First-Childhood Cancer Data Initiative,CPTAC-Kids First-Childhood Cancer Data Initiative,Pediatric/AYA Brain Tumors,Brain,BRAIN,single,phosphoproteome,66,,open,True,140.2,False,0,,,False,False,machine_only,https://pdc.cancer.gov/pdc/study/PDC000676
pdc-cptac-kf-ccdi-pediatric-brain-cancer-study-craniopharyngioma-phosphopr,CPTAC-KF-CCDI-Pediatric Brain Cancer Study - Craniopharyngioma Phosphoproteome,PDC000673,PDC,CPTAC-Kids First-Childhood Cancer Data Initiative,CPTAC-Kids First-Childhood Cancer Data Initiative,Pediatric/AYA Brain Tumors,Brain,BRAIN,single,phosphoproteome,66,,open,True,140.2,False,0,,,False,False,machine_only,https://pdc.cancer.gov/pdc/study/PDC000673
pdc-cptac-kf-ccdi-pediatric-brain-cancer-study-craniopharyngioma-proteome,CPTAC-KF-CCDI-Pediatric Brain Cancer Study - Craniopharyngioma Proteome,PDC000674,PDC,CPTAC-Kids First-Childhood Cancer Data Initiative,CPTAC-Kids First-Childhood Cancer Data Initiative,Pediatric/AYA Brain Tumors,Brain,BRAIN,single,proteome,66,,open,True,140.2,False,0,,,False,False,machine_only,https://pdc.cancer.gov/pdc/study/PDC000674
cbio-mel-iatlas-riaz-nivolumab-2017,"Melanoma (MSK, Cell 2017) - iAtlas Harmonized",mel_iatlas_riaz_nivolumab_2017,cBioPortal,Investigator-initiated cohort (harmonized in cBioPortal),,Melanoma,skin,SKIN,single,rna_seq; targeted_dna,64,107,open,True,17.1,True,,1930,,False,False,machine_only,https://www.cbioportal.org/study/summary?id=mel_iatlas_riaz_nivolumab_2017
cbio-skcm-mskcc-2014,"Melanoma (MSK, NEJM 2014)",skcm_mskcc_2014,cBioPortal,Investigator-initiated cohort (harmonized in cBioPortal),,Cutaneous Melanoma,mel,SKIN,single,copy_number; rna_seq; targeted_dna,64,64,open,True,25.2,False,,3437,,False,False,machine_only,https://www.cbioportal.org/study/summary?id=skcm_mskcc_2014
cbio-crc-nigerian-2020,"Disparities in metastatic colorectal cancer between Africans and Americans (MSK, 2020)",crc_nigerian_2020,cBioPortal,Investigator-initiated cohort (harmonized in cBioPortal),,Colorectal Adenocarcinoma,bowel,BOWEL,single,copy_number; targeted_dna,64,64,open,,,False,,45,,False,False,machine_only,https://www.cbioportal.org/study/summary?id=crc_nigerian_2020
idc-breast-mri-nact-pilot,Breast-MRI-NACT-Pilot,breast_mri_nact_pilot,IDC,NCI Imaging Data Commons / The Cancer Imaging Archive,IDC,Breast Cancer,Breast,BREAST,single,clinical; radiology,64,,open,,,,,,,False,False,machine_only,https://portal.imaging.datacommons.cancer.gov/explore/?collection_id=breast_mri_nact_pilot
idc-prostate-3t,Prostate-3T,prostate_3t,IDC,NCI Imaging Data Commons / The Cancer Imaging Archive,IDC,Prostate Cancer,Prostate,PROSTATE,single,radiology,64,,open,,,,,,,False,False,machine_only,https://portal.imaging.datacommons.cancer.gov/explore/?collection_id=prostate_3t
cbio-prad-fhcrc,"Prostate Adenocarcinoma (Fred Hutchinson CRC, Nat Med 2016)",prad_fhcrc,cBioPortal,Investigator-initiated cohort (harmonized in cBioPortal),,Prostate Adenocarcinoma,prostate,PROSTATE,single,copy_number; rna_seq; targeted_dna,63,176,open,,,False,,635,,False,False,machine_only,https://www.cbioportal.org/study/summary?id=prad_fhcrc
cbio-sarcoma-ucla-2024,"Sarcoma (UCLA, Cell 2024)",sarcoma_ucla_2024,cBioPortal,Investigator-initiated cohort (harmonized in cBioPortal),,Soft Tissue,tissue,SOFT_TISSUE,single,structural_variant; targeted_dna,63,63,open,,,False,,59,,False,False,machine_only,https://www.cbioportal.org/study/summary?id=sarcoma_ucla_2024
gdc-cmi-mpc,Count Me In (CMI): The Metastatic Prostate Cancer (MPC) Project,CMI-MPC,GDC,CMI,CMI,Adenomas and Adenocarcinomas,Prostate gland; Lymph nodes,PROSTATE,single,rna_seq; structural_variant; wxs,63,,mixed,False,,False,2,,0.447,False,False,machine_only,https://portal.gdc.cancer.gov/projects/CMI-MPC
cbio-urcc-mskcc-2016,"Unclassified Renal Cell Carcinoma (MSK, Nature 2016)",urcc_mskcc_2016,cBioPortal,Investigator-initiated cohort (harmonized in cBioPortal),,Unclassified Renal Cell Carcinoma,nccrcc,KIDNEY,single,copy_number; targeted_dna,62,62,open,True,11.9,False,,156,,False,False,machine_only,https://www.cbioportal.org/study/summary?id=urcc_mskcc_2016
cbio-chl-sccc-2023,"Classical Hodgkins Lymphoma (SCCC, Blood Cancer Discov 2023)",chl_sccc_2023,cBioPortal,Investigator-initiated cohort (harmonized in cBioPortal),,Classical Hodgkin Lymphoma,hl,LYMPH,single,targeted_dna,61,61,open,,,False,,56,,False,False,machine_only,https://www.cbioportal.org/study/summary?id=chl_sccc_2023
idc-lungct-diagnosis,LungCT-Diagnosis,lungct_diagnosis,IDC,NCI Imaging Data Commons / The Cancer Imaging Archive,IDC,Lung Cancer,Lung,LUNG,single,clinical; radiology,61,,open,,,,,,,False,False,machine_only,https://portal.imaging.datacommons.cancer.gov/explore/?collection_id=lungct_diagnosis
pdc-cptac-ccrcc-confirmatory-study-training,CPTAC CCRCC Confirmatory Study - Training,PDC000534,PDC,Clinical Proteomic Tumor Analysis Consortium,Clinical Proteomic Tumor Analysis Consortium,Clear Cell Renal Cell Carcinoma; Non-Clear Cell Renal Cell Carcinoma,Kidney,KIDNEY,single,metabolome,61,,open,True,32.1,False,0,,,False,False,machine_only,https://pdc.cancer.gov/pdc/study/PDC000534
cbio-acyc-mskcc-2013,"Adenoid Cystic Carcinoma (MSK, Nat Genet 2013)",acyc_mskcc_2013,cBioPortal,Investigator-initiated cohort (harmonized in cBioPortal),,Adenoid Cystic Carcinoma,saca,HEAD_NECK,single,copy_number; structural_variant; targeted_dna,60,60,open,True,14.2,False,,380,,False,False,machine_only,https://www.cbioportal.org/study/summary?id=acyc_mskcc_2013
gdc-match-i,Genomic Characterization CS-MATCH-0007 Arm I,MATCH-I,GDC,MATCH,MATCH,"Neoplasms, NOS; Osseous and Chondromatous Neoplasms; Adenomas and Adenocarcinomas; Gliomas; Myomatous Neoplasms; Nevi and Melanomas; Epithelial Neoplasms, NOS; Squamous Cell Neoplasms","Esophagus; Skin; Unknown; Tonsil; Nasopharynx; Connective, subcutaneous and other soft tissues; Other and unspecified major salivary glands; Retroperitoneum and peritoneum",,pan_cancer,clinical; rna_seq; structural_variant; wxs,60,,controlled,False,,False,0,,,False,False,machine_only,https://portal.gdc.cancer.gov/projects/MATCH-I
idc-lctsc,LCTSC,lctsc,IDC,NCI Imaging Data Commons / The Cancer Imaging Archive,IDC,Lung Cancer,Lung,LUNG,single,radiology,60,,open,,,,,,,False,False,machine_only,https://portal.imaging.datacommons.cancer.gov/explore/?collection_id=lctsc
pdc-ptrc-triple-negative-breast-cancer-mitotic-vulnerability-study,PTRC Triple-negative Breast Cancer Mitotic Vulnerability Study,PDC000580,PDC,Clinical Proteomic Tumor Analysis Consortium,Clinical Proteomic Tumor Analysis Consortium,Breast Invasive Carcinoma,Breast,BREAST,single,phosphoproteome; proteome,60,,open,,,False,1,2,0.212,False,False,machine_only,https://pdc.cancer.gov/pdc/study/PDC000580
cbio-brca-dldccc-2022,"Triple Negative Breast Cancer (DLDCCC, Cancer Discov 2022)",brca_dldccc_2022,cBioPortal,Investigator-initiated cohort (harmonized in cBioPortal),,Invasive Breast Carcinoma,breast,BREAST,single,copy_number; proteome; targeted_dna,59,75,open,,,False,,117,,False,False,machine_only,https://www.cbioportal.org/study/summary?id=brca_dldccc_2022
cbio-brca-dfci-2020,"Metastatic Breast Cancer (DFCI, Cancer Discov 2020)",brca_dfci_2020,cBioPortal,Investigator-initiated cohort (harmonized in cBioPortal),,Invasive Breast Carcinoma,breast,BREAST,single,targeted_dna,59,59,open,,,False,,361,,False,False,machine_only,https://www.cbioportal.org/study/summary?id=brca_dfci_2020
pdc-ptrc-brca-calgb40601-neoadjuvant-trial,PTRC BRCA CALGB40601 Neoadjuvant Trial,PDC000583,PDC,Clinical Proteomic Tumor Analysis Consortium,Clinical Proteomic Tumor Analysis Consortium,Breast Invasive Carcinoma,Breast,BREAST,single,phosphoproteome; proteome,59,,open,,,True,1,3,0.22,False,False,machine_only,https://pdc.cancer.gov/pdc/study/PDC000583
cbio-dlbc-broad-2012,"Diffuse Large B-Cell Lymphoma (Broad, PNAS 2012)",dlbc_broad_2012,cBioPortal,Investigator-initiated cohort (harmonized in cBioPortal),,"Diffuse Large B-Cell Lymphoma, NOS",mbn,LYMPH,single,targeted_dna,58,58,open,,,False,,786,,False,False,machine_only,https://www.cbioportal.org/study/summary?id=dlbc_broad_2012
gdc-tcga-dlbc,Lymphoid Neoplasm Diffuse Large B-cell Lymphoma,TCGA-DLBC,GDC,TCGA,TCGA,Not Reported; Mature B-Cell Lymphomas,"Bones, joints and articular cartilage of other and unspecified sites; Brain; Breast; Colon; Connective, subcutaneous and other soft tissues; Heart, mediastinum, and pleura; Hematopoietic and reticuloendothelial systems; Lymph nodes",LYMPH,single,clinical; copy_number; histopathology; methylation; mirna; protein_array; radiology; rna_seq; structural_variant; wgs; wxs,58,,mixed,True,26.7,True,395,,1.017,False,False,machine_only,https://portal.gdc.cancer.gov/projects/TCGA-DLBC
gdc-rc-ptcl,Refractory Cancers (RC) - Peripheral T-Cell Lymphoma (PTCL),RC-PTCL,GDC,RC,RC,Mature T- and NK-Cell Lymphomas,"Connective, subcutaneous and other soft tissues; Liver and intrahepatic bile ducts; Unknown; Lymph nodes; Hematopoietic and reticuloendothelial systems",LYMPH,single,clinical; copy_number; methylation; mirna; rna_seq; structural_variant; wgs; wxs,58,,mixed,True,30.8,True,0,,,False,False,machine_only,https://portal.gdc.cancer.gov/projects/RC-PTCL
idc-pelvic-reference-data,Pelvic-Reference-Data,pelvic_reference_data,IDC,NCI Imaging Data Commons / The Cancer Imaging Archive,IDC,Prostate Cancer; Anal Cancer,Pelvis; Prostate; Anus,BOWEL; PROSTATE,several,radiology,58,,open,,,,,,,False,False,machine_only,https://portal.imaging.datacommons.cancer.gov/explore/?collection_id=pelvic_reference_data
pdc-ptrc-tnbc,PTRC TNBC,PDC000409,PDC,Clinical Proteomic Tumor Analysis Consortium,Clinical Proteomic Tumor Analysis Consortium,Breast Invasive Carcinoma,Breast,BREAST,single,phosphoproteome; proteome,58,,open,,,False,3,,-1.336,False,False,machine_only,https://pdc.cancer.gov/pdc/study/PDC000409
gdc-tcga-ucs,Uterine Carcinosarcoma,TCGA-UCS,GDC,TCGA,TCGA,Basal Cell Neoplasms; Complex Mixed and Stromal Neoplasms,"Corpus uteri; Uterus; Uterus, NOS",UTERUS,single,clinical; copy_number; histopathology; methylation; mirna; protein_array; radiology; rna_seq; structural_variant; wgs; wxs,57,,mixed,True,19.6,True,395,,1.025,False,False,machine_only,https://portal.gdc.cancer.gov/projects/TCGA-UCS
cbio-npc-nusingapore,"Nasopharyngeal Carcinoma (Singapore, Nat Genet 2014)",npc_nusingapore,cBioPortal,Investigator-initiated cohort (harmonized in cBioPortal),,Nasopharyngeal Carcinoma,head_neck,HEAD_NECK,single,targeted_dna,56,56,open,True,24.0,False,,301,,False,False,machine_only,https://www.cbioportal.org/study/summary?id=npc_nusingapore
cbio-nbl-ucologne-2015,"Neuroblastoma (Broad, Nature 2015)",nbl_ucologne_2015,cBioPortal,Investigator-initiated cohort (harmonized in cBioPortal),,Neuroblastoma,pns,PNS,single,targeted_dna,56,56,open,,,False,,467,,False,False,machine_only,https://www.cbioportal.org/study/summary?id=nbl_ucologne_2015
gdc-beataml1.0-crenolanib,Clinical Resistance to Crenolanib in Acute Myeloid Leukemia Due to Diverse Molecular Mechanisms,BEATAML1.0-CRENOLANIB,GDC,BEATAML1.0,BEATAML1.0,Myeloid Leukemias,Hematopoietic and reticuloendothelial systems,MYELOID,single,wxs,56,,controlled,False,,False,0,132,-3.064,True,False,machine_only,https://portal.gdc.cancer.gov/projects/BEATAML1.0-CRENOLANIB
pdc-cptac-ccrcc-confirmatory-study-validation,CPTAC CCRCC Confirmatory Study - Validation,PDC000535,PDC,Clinical Proteomic Tumor Analysis Consortium,Clinical Proteomic Tumor Analysis Consortium,Clear Cell Renal Cell Carcinoma,Kidney,KIDNEY,single,metabolome,56,,open,True,32.4,False,0,,,False,False,machine_only,https://pdc.cancer.gov/pdc/study/PDC000535
cbio-brca-aurora-2023,"Metastatic Breast Cancer (AURORA US Network, Nat Cancer 2023)",brca_aurora_2023,cBioPortal,Investigator-initiated cohort (harmonized in cBioPortal),,Invasive Breast Carcinoma,breast,BREAST,single,rna_seq; targeted_dna; treatment,55,155,open,True,34.0,False,,153,,False,False,machine_only,https://www.cbioportal.org/study/summary?id=brca_aurora_2023
idc-spine-mets-ct-seg,Spine-Mets-CT-SEG,spine_mets_ct_seg,IDC,NCI Imaging Data Commons / The Cancer Imaging Archive,IDC,Metastatic disease; Bladder Cancer; Breast Cancer; Colon Cancer; Kidney Cancer; Lung Cancer; Prostate Cancer; Soft-tissue Sarcoma,Bone,BONE,single,clinical; radiology,55,,open,,,,,,,False,False,machine_only,https://portal.imaging.datacommons.cancer.gov/explore/?collection_id=spine_mets_ct_seg
idc-cmb-mel,CMB-MEL,cmb_mel,IDC,NCI Imaging Data Commons / The Cancer Imaging Archive,IDC,Melanoma,Various,SKIN,single,clinical; radiology,54,,open,,,,,,,False,False,machine_only,https://portal.imaging.datacommons.cancer.gov/explore/?collection_id=cmb_mel
idc-adrenal-acc-ki67-seg,Adrenal-ACC-Ki67-Seg,adrenal_acc_ki67_seg,IDC,NCI Imaging Data Commons / The Cancer Imaging Archive,IDC,Adrenocortical Carcinoma,Adrenal,ADRENAL_GLAND,single,clinical; radiology,53,,open,,,,,,,False,False,machine_only,https://portal.imaging.datacommons.cancer.gov/explore/?collection_id=adrenal_acc_ki67_seg
pdc-nf-pnet-discovery-study-phosphoproteome-phaseii,NF-PNET Discovery Study - Phosphoproteome - PhaseII,PDC000589,PDC,International Cancer Proteogenome Consortium,International Cancer Proteogenome Consortium,Neuroendocrine Neoplasms,Pancreas; Colorectal; Stomach; Small intestine,BOWEL; PANCREAS; STOMACH,several,phosphoproteome,53,,open,,,False,0,,,False,False,machine_only,https://pdc.cancer.gov/pdc/study/PDC000589
pdc-nf-pnet-discovery-study-proteome-phaseii,NF-PNET Discovery Study - Proteome - PhaseII,PDC000588,PDC,International Cancer Proteogenome Consortium,International Cancer Proteogenome Consortium,Neuroendocrine Neoplasms,Pancreas; Colorectal; Stomach; Small intestine,BOWEL; PANCREAS; STOMACH,several,proteome,53,,open,,,False,0,,,False,False,machine_only,https://pdc.cancer.gov/pdc/study/PDC000588
cbio-crc-hta11-htan-2021,"Pre-cancer Colorectal Polyps (HTAN Vanderbilt, Cell 2021)",crc_hta11_htan_2021,cBioPortal,Investigator-initiated cohort (harmonized in cBioPortal),,Colorectal Adenocarcinoma,bowel,BOWEL,single,rna_seq; targeted_dna,52,61,open,,,False,,284,,False,False,machine_only,https://www.cbioportal.org/study/summary?id=crc_hta11_htan_2021
gdc-mp2prt-wt,Molecular Profiling to Predict Response to Treatment - Wilms Tumor,MP2PRT-WT,GDC,MP2PRT,MP2PRT,"Neoplasms, NOS",Kidney,KIDNEY,single,clinical; copy_number; mirna; rna_seq; structural_variant; wgs,52,,mixed,True,22.5,False,1,27,-1.482,False,False,machine_only,https://portal.gdc.cancer.gov/projects/MP2PRT-WT
pdc-yonsei-cancer-center-tnbc,Yonsei Cancer Center - TNBC,PDC000696,PDC,International Cancer Proteogenome Consortium,International Cancer Proteogenome Consortium,Breast Invasive Carcinoma,Breast,BREAST,single,phosphoproteome; proteome,52,,open,True,26.9,True,0,0,0.864,False,False,machine_only,https://pdc.cancer.gov/pdc/study/PDC000696
cbio-prostate-pcbm-swiss-2019,"Prostate Cancer Brain Metastases (Bern, Nat Commun. 2022)",prostate_pcbm_swiss_2019,cBioPortal,Investigator-initiated cohort (harmonized in cBioPortal),,Prostate,tissue,PROSTATE,single,targeted_dna,51,168,open,,,False,,23,,False,False,machine_only,https://www.cbioportal.org/study/summary?id=prostate_pcbm_swiss_2019
cbio-breast-alpelisib-2020,"Breast Cancer (MSK, Nature Cancer 2020)",breast_alpelisib_2020,cBioPortal,Investigator-initiated cohort (harmonized in cBioPortal),,Breast,tissue,BREAST,single,copy_number; structural_variant; targeted_dna,51,141,open,,,True,,136,,False,False,machine_only,https://www.cbioportal.org/study/summary?id=breast_alpelisib_2020
cbio-hcc-jcopo-msk-2023,"Hepatocellular Carcinoma (MSK, JCO Precis Oncol 2023)",hcc_jcopo_msk_2023,cBioPortal,Investigator-initiated cohort (harmonized in cBioPortal),,Hepatocellular Carcinoma,liver,LIVER,single,copy_number; structural_variant; targeted_dna,51,90,open,True,18.4,False,,13,,False,False,machine_only,https://www.cbioportal.org/study/summary?id=hcc_jcopo_msk_2023
gdc-tcga-chol,Cholangiocarcinoma,TCGA-CHOL,GDC,TCGA,TCGA,Adenomas and Adenocarcinomas,Bile Duct; Liver and intrahepatic bile ducts; Other and unspecified parts of biliary tract; Pancreas,BILIARY_TRACT; LIVER; PANCREAS,several,atac_seq; clinical; copy_number; histopathology; methylation; mirna; protein_array; radiology; rna_seq; structural_variant; wgs; wxs,51,,mixed,True,22.3,True,395,,0.873,False,False,machine_only,https://portal.gdc.cancer.gov/projects/TCGA-CHOL
htan-tnp-tma,TNP - TMA,HTA14,HTAN,Human Tumor Atlas Network,HTAN,,,BREAST,title_derived,spatial_proteomics; spatial_transcriptomics,51,,mixed,True,,,0,,,False,False,machine_only,https://humantumoratlas.org/explore
idc-cmb-pca,CMB-PCA,cmb_pca,IDC,NCI Imaging Data Commons / The Cancer Imaging Archive,IDC,Prostate Cancer,Prostate,PROSTATE,single,clinical; radiology,51,,open,,,,,,,False,False,machine_only,https://portal.imaging.datacommons.cancer.gov/explore/?collection_id=cmb_pca
idc-soft-tissue-sarcoma,Soft-tissue-Sarcoma,soft_tissue_sarcoma,IDC,NCI Imaging Data Commons / The Cancer Imaging Archive,IDC,Soft-tissue Sarcoma,Extremities,SOFT_TISSUE,single,clinical; radiology,51,,open,,,,,,,False,False,machine_only,https://portal.imaging.datacommons.cancer.gov/explore/?collection_id=soft_tissue_sarcoma
pdc-nf-pnet-validation-study-dia,NF-PNET Validation Study - DIA,PDC000592,PDC,International Cancer Proteogenome Consortium,International Cancer Proteogenome Consortium,Neuroendocrine Neoplasms,Pancreas,PANCREAS,single,proteome,51,,open,,,False,0,,,False,False,machine_only,https://pdc.cancer.gov/pdc/study/PDC000592
cbio-blca-dfarber-mskcc-2014,"Bladder Urothelial Carcinoma (DFCI/MSK, Cancer Discov 2014)",blca_dfarber_mskcc_2014,cBioPortal,Investigator-initiated cohort (harmonized in cBioPortal),,Bladder Urothelial Carcinoma,bladder,BLADDER,single,targeted_dna,50,50,open,,,False,,511,,False,False,machine_only,https://www.cbioportal.org/study/summary?id=blca_dfarber_mskcc_2014
gdc-cddp_eagle-1,CDDP Integrative Analysis of Lung Adenocarcinoma (Phase 2),CDDP_EAGLE-1,GDC,CDDP_EAGLE,CDDP_EAGLE,Adenomas and Adenocarcinomas,Bronchus and lung,LUNG,single,clinical; copy_number; histopathology; rna_seq; structural_variant; wgs; wxs,50,,mixed,True,44.3,False,1,1,0.758,False,False,machine_only,https://portal.gdc.cancer.gov/projects/CDDP_EAGLE-1
idc-cddp-eagle-1,CDDP-EAGLE-1,cddp_eagle_1,IDC,NCI Imaging Data Commons / The Cancer Imaging Archive,IDC,Lung Adenocarcinoma,lung,LUNG,single,radiology,49,,open,,,,,,,False,False,machine_only,https://portal.imaging.datacommons.cancer.gov/explore/?collection_id=cddp_eagle_1
idc-mouse-astrocytoma,Mouse-Astrocytoma,mouse_astrocytoma,IDC,NCI Imaging Data Commons / The Cancer Imaging Archive,IDC,Glioblastoma Multiforme,Head,BRAIN,single,radiology,48,,open,,,,,,,False,False,machine_only,https://portal.imaging.datacommons.cancer.gov/explore/?collection_id=mouse_astrocytoma
cbio-crc-dd-2022,"Colorectal Cancer (MSK, JCO Precis Oncol 2022)",crc_dd_2022,cBioPortal,Investigator-initiated cohort (harmonized in cBioPortal),,Colorectal Adenocarcinoma,bowel,BOWEL,single,copy_number; structural_variant; targeted_dna,47,47,open,,,False,,5,,False,False,machine_only,https://www.cbioportal.org/study/summary?id=crc_dd_2022
idc-qin-lung-ct,QIN LUNG CT,qin_lung_ct,IDC,NCI Imaging Data Commons / The Cancer Imaging Archive,IDC,Non-small Cell Lung Cancer,Lung,LUNG,single,radiology,47,,open,,,,,,,False,False,machine_only,https://portal.imaging.datacommons.cancer.gov/explore/?collection_id=qin_lung_ct
cbio-skcm-broad-brafresist-2012,"Skin Cutaneous Melanoma(Broad, Cancer Discov 2014)",skcm_broad_brafresist_2012,cBioPortal,Investigator-initiated cohort (harmonized in cBioPortal),,Cutaneous Melanoma,mel,SKIN,single,targeted_dna,46,78,open,,,True,,767,,False,False,machine_only,https://www.cbioportal.org/study/summary?id=skcm_broad_brafresist_2012
cbio-mbl-sickkids-2016,"Medulloblastoma (Sickkids, Nature 2016)",mbl_sickkids_2016,cBioPortal,Investigator-initiated cohort (harmonized in cBioPortal),,Medulloblastoma,embt,BRAIN,single,structural_variant; targeted_dna,46,46,open,True,45.6,False,,279,,False,False,machine_only,https://www.cbioportal.org/study/summary?id=mbl_sickkids_2016
idc-anti-pd-1-lung,Anti-PD-1_Lung,anti_pd_1_lung,IDC,NCI Imaging Data Commons / The Cancer Imaging Archive,IDC,Lung Cancer,Lung,LUNG,single,radiology,46,,open,,,,,,,False,False,machine_only,https://portal.imaging.datacommons.cancer.gov/explore/?collection_id=anti_pd_1_lung
pdc-broad-institute-medulloblastoma,Broad Institute - Medulloblastoma,PDC000430,PDC,Broad Institute,Broad Institute,Pediatric/AYA Brain Tumors,Brain,BRAIN,single,acetylproteome; phosphoproteome; proteome,46,,open,,,False,0,24,-2.489,True,False,machine_only,https://pdc.cancer.gov/pdc/study/PDC000430
pdc-broad-institute-medulloblastoma-phospho-tyrosine-enrichments,Broad Institute - Medulloblastoma - Phospho-tyrosine-enrichments,PDC000431,PDC,Broad Institute,Broad Institute,Pediatric/AYA Brain Tumors,Brain,BRAIN,single,phosphoproteome,46,,open,,,False,0,,,False,False,machine_only,https://pdc.cancer.gov/pdc/study/PDC000431
cbio-hgsoc-msk-2021,"High-Grade Serous Ovarian Cancer (MSK, NPJ Genome Med 2021)",hgsoc_msk_2021,cBioPortal,Investigator-initiated cohort (harmonized in cBioPortal),,High-Grade Serous Ovarian Cancer,soc,OVARY,single,copy_number; structural_variant; targeted_dna,45,45,open,True,16.7,False,,24,,False,False,machine_only,https://www.cbioportal.org/study/summary?id=hgsoc_msk_2021
gdc-match-w,Genomic Characterization CS-MATCH-0007 Arm W,MATCH-W,GDC,MATCH,MATCH,"Neoplasms, NOS; Cystic, Mucinous and Serous Neoplasms; Adenomas and Adenocarcinomas; Gliomas; Epithelial Neoplasms, NOS; Ductal and Lobular Neoplasms; Squamous Cell Neoplasms; Transitional Cell Papillomas and Carcinomas",Other and unspecified female genital organs; Bronchus and lung; Cervix uteri; Breast; Liver and intrahepatic bile ducts; Other and unspecified major salivary glands; Prostate gland; Anus and anal canal,,pan_cancer,clinical; rna_seq; structural_variant; wxs,45,,controlled,False,,False,0,,,False,False,machine_only,https://portal.gdc.cancer.gov/projects/MATCH-W
gdc-match-z1a,Genomic Characterization CS-MATCH-0007 Arm Z1A,MATCH-Z1A,GDC,MATCH,MATCH,"Neoplasms, NOS; Adenomas and Adenocarcinomas; Mesothelial Neoplasms; Epithelial Neoplasms, NOS; Squamous Cell Neoplasms; Transitional Cell Papillomas and Carcinomas","Colon; Connective, subcutaneous and other soft tissues; Liver and intrahepatic bile ducts; Corpus uteri; Heart, mediastinum, and pleura; Other and ill-defined digestive organs; Trachea; Unknown",,pan_cancer,clinical; rna_seq; structural_variant; wxs,45,,controlled,False,,False,0,,,False,False,machine_only,https://portal.gdc.cancer.gov/projects/MATCH-Z1A
gdc-ctsp-dlbcl1,CTSP Diffuse Large B-Cell Lymphoma (DLBCL) CALGB 50303,CTSP-DLBCL1,GDC,CTSP,CTSP,Mature B-Cell Lymphomas,Unknown; Lymph nodes,LYMPH,single,clinical; rna_seq; structural_variant; targeted_dna; wxs,45,,mixed,True,60.4,True,5,333,-1.259,False,True,project_curated,https://portal.gdc.cancer.gov/projects/CTSP-DLBCL1
pdc-cptac-kf-ccdi-pediatric-brain-cancer-study-high-grade-glioma-phosphoty,CPTAC-KF-CCDI-Pediatric Brain Cancer Study - High-Grade Glioma Phosphotyrosine,PDC000694,PDC,CPTAC-Kids First-Childhood Cancer Data Initiative,CPTAC-Kids First-Childhood Cancer Data Initiative,Gliomas; Pediatric/AYA Brain Tumors,"Brain; Spinal cord, cranial nerves, and other parts of central nervous system",BRAIN,single,phosphoproteome,45,,open,True,130.8,False,0,,,False,False,machine_only,https://pdc.cancer.gov/pdc/study/PDC000694
pdc-cptac-kf-ccdi-pediatric-brain-cancer-study-high-grade-glioma-phosphopr,CPTAC-KF-CCDI-Pediatric Brain Cancer Study - High-Grade Glioma Phosphoproteome,PDC000688,PDC,CPTAC-Kids First-Childhood Cancer Data Initiative,CPTAC-Kids First-Childhood Cancer Data Initiative,Gliomas; Pediatric/AYA Brain Tumors,"Brain; Spinal cord, cranial nerves, and other parts of central nervous system",BRAIN,single,phosphoproteome,45,,open,True,130.8,False,0,,,False,False,machine_only,https://pdc.cancer.gov/pdc/study/PDC000688
pdc-cptac-kf-ccdi-pediatric-brain-cancer-study-high-grade-glioma-proteome,CPTAC-KF-CCDI-Pediatric Brain Cancer Study - High-Grade Glioma Proteome,PDC000687,PDC,CPTAC-Kids First-Childhood Cancer Data Initiative,CPTAC-Kids First-Childhood Cancer Data Initiative,Gliomas; Pediatric/AYA Brain Tumors,"Brain; Spinal cord, cranial nerves, and other parts of central nervous system",BRAIN,single,proteome,45,,open,True,130.8,False,0,,,False,False,machine_only,https://pdc.cancer.gov/pdc/study/PDC000687
cbio-pcnsl-msk-2024,"Primary CNS Lymphoma (MSK, Clin Cancer Res 2024)",pcnsl_msk_2024,cBioPortal,Investigator-initiated cohort (harmonized in cBioPortal),,Primary DLBCL of the central nervous system,mbn,LYMPH,single,copy_number; targeted_dna,44,86,open,True,20.4,False,,26,,False,False,machine_only,https://www.cbioportal.org/study/summary?id=pcnsl_msk_2024
cbio-ucec-ccr-cfdna-msk-2022,"Endometrial Carcinoma cfDNA (MSK, Clin Cancer Res 2022)",ucec_ccr_cfdna_msk_2022,cBioPortal,Investigator-initiated cohort (harmonized in cBioPortal),,Endometrial Carcinoma,uterus,UTERUS,single,targeted_dna,44,44,open,,,False,,48,,False,False,machine_only,https://www.cbioportal.org/study/summary?id=ucec_ccr_cfdna_msk_2022
pdc-cptac-non-ccrcc-study,CPTAC non-ccRCC Study,PDC000466,PDC,Clinical Proteomic Tumor Analysis Consortium,Clinical Proteomic Tumor Analysis Consortium,Non-Clear Cell Renal Cell Carcinoma,Kidney,KIDNEY,single,glycoproteome; metabolome; phosphoproteome; proteome,44,,open,True,53.9,False,1,44,-2.04,True,False,machine_only,https://pdc.cancer.gov/pdc/study/PDC000466
cbio-ovary-geomx-gray-foundation-2024,"Ovarian Cancer (Gray Foundation, Cancer Discov 2024)",ovary_geomx_gray_foundation_2024,cBioPortal,Investigator-initiated cohort (harmonized in cBioPortal),,Ovary/Fallopian Tube,tissue,OVARY,single,rna_seq,43,567,open,,,False,,2,,False,False,machine_only,https://www.cbioportal.org/study/summary?id=ovary_geomx_gray_foundation_2024
cbio-ctcl-columbia-2015,"Cutaneous T Cell Lymphoma (Columbia U, Nat Genet 2015)",ctcl_columbia_2015,cBioPortal,Investigator-initiated cohort (harmonized in cBioPortal),,Non-Hodgkin Lymphoma,lnm,LYMPH,single,targeted_dna,43,43,open,,,False,,320,,False,False,machine_only,https://www.cbioportal.org/study/summary?id=ctcl_columbia_2015
cbio-rms-nih-2014,"Rhabdomyosarcoma (NIH, Cancer Discov 2014)",rms_nih_2014,cBioPortal,Investigator-initiated cohort (harmonized in cBioPortal),,Rhabdomyosarcoma,soft_tissue,SOFT_TISSUE,single,targeted_dna,43,43,open,,,False,,639,,False,False,machine_only,https://www.cbioportal.org/study/summary?id=rms_nih_2014
cbio-glioma-msk-2018,"Glioma (MSK, Nature 2019)",glioma_msk_2018,cBioPortal,Investigator-initiated cohort (harmonized in cBioPortal),,Diffuse Glioma,brain,BRAIN,single,copy_number; structural_variant; targeted_dna,42,91,open,,,False,,523,,False,False,machine_only,https://www.cbioportal.org/study/summary?id=glioma_msk_2018
cbio-msk-spectrum-tme-2022,"Ovarian Cancer - MSK SPECTRUM (MSK, Nature 2022)",msk_spectrum_tme_2022,cBioPortal,Investigator-initiated cohort (harmonized in cBioPortal),,Ovary/Fallopian Tube,tissue,OVARY,single,copy_number; structural_variant; targeted_dna,42,82,open,,,False,,293,,False,False,machine_only,https://www.cbioportal.org/study/summary?id=msk_spectrum_tme_2022
cbio-gbm-columbia-2019,"Glioblastoma (Columbia, Nat Med. 2019)",gbm_columbia_2019,cBioPortal,Investigator-initiated cohort (harmonized in cBioPortal),,Diffuse Glioma,brain,BRAIN,single,targeted_dna; treatment,42,42,open,True,19.1,False,,772,,False,False,machine_only,https://www.cbioportal.org/study/summary?id=gbm_columbia_2019
idc-pseudo-phi-dicom-data,Pseudo-PHI-DICOM-Data,pseudo_phi_dicom_data,IDC,NCI Imaging Data Commons / The Cancer Imaging Archive,IDC,Various,Various,,pan_cancer,radiology,42,,open,,,,,,,False,False,machine_only,https://portal.imaging.datacommons.cancer.gov/explore/?collection_id=pseudo_phi_dicom_data
gdc-match-s1,Genomic Characterization CS-MATCH-0007 Arm S1,MATCH-S1,GDC,MATCH,MATCH,"Neoplasms, NOS; Complex Mixed and Stromal Neoplasms; Epithelial Neoplasms, NOS; Adenomas and Adenocarcinomas; Gliomas; Myomatous Neoplasms; Ductal and Lobular Neoplasms; Squamous Cell Neoplasms",Other and unspecified female genital organs; Bronchus and lung; Colon; Stomach; Breast; Liver and intrahepatic bile ducts; Brain; Corpus uteri,,pan_cancer,clinical; rna_seq; structural_variant; wxs,41,,controlled,False,,False,0,,,False,False,machine_only,https://portal.gdc.cancer.gov/projects/MATCH-S1
gdc-varepop-apollo,VA Research Precision Oncology Program,VAREPOP-APOLLO,GDC,VAREPOP,VAREPOP,"Epithelial Neoplasms, NOS; Squamous Cell Neoplasms",Bronchus and lung; Esophagus; Head-Neck; Lung; Pancreas; Rectum; Thymus,,pan_cancer,radiology; targeted_dna,41,,controlled,True,13.2,False,2,9,-1.581,True,False,machine_only,https://portal.gdc.cancer.gov/projects/VAREPOP-APOLLO
cbio-all-stjude-2013,"Hypodiploid Acute Lymphoid Leukemia (St Jude, Nat Genet 2013)",all_stjude_2013,cBioPortal,Investigator-initiated cohort (harmonized in cBioPortal),,Myeloid,tissue,MYELOID,single,targeted_dna,40,44,open,,,False,,523,,False,False,machine_only,https://www.cbioportal.org/study/summary?id=all_stjude_2013
cbio-chol-jhu-2013,"Intrahepatic Cholangiocarcinoma (JHU, Nat Genet 2013)",chol_jhu_2013,cBioPortal,Investigator-initiated cohort (harmonized in cBioPortal),,Cholangiocarcinoma,ipn,BILIARY_TRACT,single,targeted_dna,40,40,open,,,False,,549,,False,False,machine_only,https://www.cbioportal.org/study/summary?id=chol_jhu_2013
cbio-mrt-bcgsc-2016,"Rhabdoid Cancer (BCGSC, Cancer Cell 2016)",mrt_bcgsc_2016,cBioPortal,Investigator-initiated cohort (harmonized in cBioPortal),,Rhabdoid Cancer,kidney,KIDNEY,single,structural_variant; targeted_dna,40,40,open,,,False,,123,,False,False,machine_only,https://www.cbioportal.org/study/summary?id=mrt_bcgsc_2016
cbio-hnsc-mdanderson-2013,"Oral Squamous Cell Carcinoma (MD Anderson, Cancer Discov 2013)",hnsc_mdanderson_2013,cBioPortal,Investigator-initiated cohort (harmonized in cBioPortal),,Head and Neck Squamous Cell Carcinoma,head_neck,HEAD_NECK,single,targeted_dna,40,40,open,True,29.5,False,,449,,False,False,machine_only,https://www.cbioportal.org/study/summary?id=hnsc_mdanderson_2013
htan-multi-omic-characterization-of-transformation-of-familial-adenomatous-,Multi-omic Characterization of Transformation of Familial Adenomatous Polyposis,HTA10,HTAN,Human Tumor Atlas Network,HTAN,,,BOWEL,title_derived,bulk_dna; hic; proteome; rna_seq; scatac_seq; scrna_seq; spatial_proteomics,40,,mixed,True,,,0,294,-2.39,True,False,machine_only,https://humantumoratlas.org/explore
idc-pancreatic-ct-cbct-seg,Pancreatic-CT-CBCT-SEG,pancreatic_ct_cbct_seg,IDC,NCI Imaging Data Commons / The Cancer Imaging Archive,IDC,Pancreatic Cancer,Pancreas,PANCREAS,single,radiology,40,,open,,,,,,,False,False,machine_only,https://portal.imaging.datacommons.cancer.gov/explore/?collection_id=pancreatic_ct_cbct_seg
pdc-cptac-ccrcc-confirmatory-study-intratumor-heterogeneity,CPTAC CCRCC Confirmatory Study - Intratumor Heterogeneity,PDC000414,PDC,Clinical Proteomic Tumor Analysis Consortium,Clinical Proteomic Tumor Analysis Consortium,Clear Cell Renal Cell Carcinoma,Kidney,KIDNEY,single,proteome,40,,open,True,30.7,False,0,,,False,False,machine_only,https://pdc.cancer.gov/pdc/study/PDC000414
cbio-lung-pdx-msk-2021,"Thoracic Cancer (MSK, Nat Commun 2021)",lung_pdx_msk_2021,cBioPortal,Investigator-initiated cohort (harmonized in cBioPortal),,Lung,tissue,LUNG,single,copy_number; structural_variant; targeted_dna; treatment,39,69,open,True,14.1,False,,48,,False,False,machine_only,https://www.cbioportal.org/study/summary?id=lung_pdx_msk_2021
cbio-prad-organoids-msk-2022,"Prostate Cancer (MSK, Science 2022)",prad_organoids_msk_2022,cBioPortal,Investigator-initiated cohort (harmonized in cBioPortal),,Prostate Adenocarcinoma,prostate,PROSTATE,single,copy_number; structural_variant; targeted_dna,39,47,open,True,12.9,False,,253,,False,False,machine_only,https://www.cbioportal.org/study/summary?id=prad_organoids_msk_2022
gdc-cgci-htmcp-lc,HIV+ Tumor Molecular Characterization Project - Lung Cancer,CGCI-HTMCP-LC,GDC,CGCI,CGCI,"Neoplasms, NOS; Complex Epithelial Neoplasms; Adenomas and Adenocarcinomas; Paragangliomas and Glomus Tumors; Epithelial Neoplasms, NOS; Squamous Cell Neoplasms",Bronchus and lung; lung,LUNG,single,clinical; copy_number; histopathology; mirna; radiology; rna_seq; structural_variant; wgs,39,,mixed,True,6.4,True,1,,,False,True,project_curated,https://portal.gdc.cancer.gov/projects/CGCI-HTMCP-LC
pdc-oral-squamous-cell-carcinoma-study,Oral Squamous Cell Carcinoma Study,PDC000262,PDC,International Cancer Proteogenome Consortium,International Cancer Proteogenome Consortium,Oral Squamous Cell Carcinoma,Head and Neck,HEAD_NECK,single,proteome,39,,open,,,False,1,,1.458,False,False,machine_only,https://pdc.cancer.gov/pdc/study/PDC000262
cbio-prad-msk-mdanderson-2023,"Prostate Cancer MDA PCa PDX (MD Anderson, Clin Cancer Res 2024)",prad_msk_mdanderson_2023,cBioPortal,Investigator-initiated cohort (harmonized in cBioPortal),,Prostate,tissue,PROSTATE,single,copy_number; rna_seq; structural_variant; targeted_dna,38,88,open,,,False,,31,,False,False,machine_only,https://www.cbioportal.org/study/summary?id=prad_msk_mdanderson_2023
idc-ctpred-sunitinib-pannet,CTpred-Sunitinib-panNET,ctpred_sunitinib_pannet,IDC,NCI Imaging Data Commons / The Cancer Imaging Archive,IDC,Pancreas Cancer,Pancreas,PANCREAS,single,radiology,38,,open,,,,,,,False,False,machine_only,https://portal.imaging.datacommons.cancer.gov/explore/?collection_id=ctpred_sunitinib_pannet
cbio-egc-trap-msk-2020,"Esophageal Cancer-TRAP Project (MSK, Lancet Oncol 2020)",egc_trap_msk_2020,cBioPortal,Investigator-initiated cohort (harmonized in cBioPortal),,Esophagogastric Adenocarcinoma,stomach,STOMACH,single,copy_number; structural_variant; targeted_dna,37,68,open,True,13.0,True,,284,,False,False,machine_only,https://www.cbioportal.org/study/summary?id=egc_trap_msk_2020
cbio-egc-trap-ccr-msk-2023,"Esophagogastric Cancer (MSK, Clin Cancer Res 2023)",egc_trap_ccr_msk_2023,cBioPortal,Investigator-initiated cohort (harmonized in cBioPortal),,Esophagogastric Adenocarcinoma,stomach,STOMACH,single,copy_number; targeted_dna,37,64,open,,,False,,31,,False,False,machine_only,https://www.cbioportal.org/study/summary?id=egc_trap_ccr_msk_2023
gdc-match-z1d,Genomic Characterization CS-MATCH-0007 Arm Z1D,MATCH-Z1D,GDC,MATCH,MATCH,"Neoplasms, NOS; Cystic, Mucinous and Serous Neoplasms; Complex Mixed and Stromal Neoplasms; Adenomas and Adenocarcinomas; Gliomas; Myomatous Neoplasms; Ductal and Lobular Neoplasms; Squamous Cell Neoplasms",Esophagus; Other and unspecified female genital organs; Other endocrine glands and related structures; Stomach; Other and unspecified parts of biliary tract; Breast; Liver and intrahepatic bile ducts; Corpus uteri,,pan_cancer,clinical; rna_seq; structural_variant; wxs,36,,controlled,False,,False,1,0,0.187,False,False,machine_only,https://portal.gdc.cancer.gov/projects/MATCH-Z1D
gdc-cmi-asc,Count Me In (CMI): The Angiosarcoma (ASC) Project,CMI-ASC,GDC,CMI,CMI,"Soft Tissue Tumors and Sarcomas, NOS","Bronchus and lung; Breast; Heart, mediastinum, and pleura; Other and ill-defined sites; Other and ill-defined digestive organs; Skin; Other and ill-defined sites within respiratory system and intrathoracic organs; Bladder",SOFT_TISSUE,single,clinical; rna_seq; structural_variant; wxs,36,,mixed,False,,False,1,,-0.998,False,False,machine_only,https://portal.gdc.cancer.gov/projects/CMI-ASC
cbio-normal-skin-melanocytes-2024,"Normal Melanocytes (UCSF, Nature 2020)",normal_skin_melanocytes_2024,cBioPortal,Investigator-initiated cohort (harmonized in cBioPortal),,Skin,tissue,SKIN,single,rna_seq; targeted_dna,35,308,open,,,False,,117,,False,False,machine_only,https://www.cbioportal.org/study/summary?id=normal_skin_melanocytes_2024
gdc-match-q,Genomic Characterization CS-MATCH-0007 Arm Q,MATCH-Q,GDC,MATCH,MATCH,"Neoplasms, NOS; Cystic, Mucinous and Serous Neoplasms; Adenomas and Adenocarcinomas; Epithelial Neoplasms, NOS; Squamous Cell Neoplasms",Other and unspecified female genital organs; Bronchus and lung; Cervix uteri; Colon; Other and unspecified parts of biliary tract; Corpus uteri; Other and unspecified male genital organs; Other and ill-defined digestive organs,,pan_cancer,clinical; rna_seq; structural_variant; wxs,35,,controlled,False,,False,0,,,False,False,machine_only,https://portal.gdc.cancer.gov/projects/MATCH-Q
cbio-utuc-pdx-msk-2019,"Upper Tract Urothelial Carcinoma PDX (MSK, Nat Commun 2020)",utuc_pdx_msk_2019,cBioPortal,Investigator-initiated cohort (harmonized in cBioPortal),,Upper Tract Urothelial Carcinoma,bladder,BLADDER,single,copy_number; targeted_dna,34,78,open,,,False,,47,,False,False,machine_only,https://www.cbioportal.org/study/summary?id=utuc_pdx_msk_2019
gdc-match-b,Genomic Characterization CS-MATCH-0007 Arm B,MATCH-B,GDC,MATCH,MATCH,"Neoplasms, NOS; Adenomas and Adenocarcinomas; Transitional Cell Papillomas and Carcinomas; Epithelial Neoplasms, NOS; Ductal and Lobular Neoplasms; Nerve Sheath Tumors",Cervix uteri; Other and unspecified female genital organs; Colon; Other and unspecified parts of biliary tract; Breast; Prostate gland; Liver and intrahepatic bile ducts; Small intestine,,pan_cancer,clinical; rna_seq; structural_variant; wxs,33,,controlled,False,,False,0,,,False,False,machine_only,https://portal.gdc.cancer.gov/projects/MATCH-B
htan-omic-and-multidimensional-spatial-atlas-of-metastatic-breast-cancers,Omic and Multidimensional Spatial Atlas of Metastatic Breast Cancers,HTA9,HTAN,Human Tumor Atlas Network,HTAN,,,BREAST,title_derived,bulk_dna; electron_microscopy; other; protein_array; rna_seq; scatac_seq; scrna_seq; spatial_proteomics; spatial_transcriptomics,33,,mixed,True,,,0,40,-2.871,True,True,project_curated,https://humantumoratlas.org/explore
cbio-blca-cornell-2016,"Urothelial Carcinoma (Cornell/Trento, Nat Gen 2016)",blca_cornell_2016,cBioPortal,Investigator-initiated cohort (harmonized in cBioPortal),,Bladder Urothelial Carcinoma,bladder,BLADDER,single,copy_number; targeted_dna,32,72,open,,,False,,231,,False,False,machine_only,https://www.cbioportal.org/study/summary?id=blca_cornell_2016
cbio-brca-pareja-msk-2020,"Breast Cancer (MSK, Clinical Cancer Res 2020)",brca_pareja_msk_2020,cBioPortal,Investigator-initiated cohort (harmonized in cBioPortal),,Invasive Breast Carcinoma,breast,BREAST,single,targeted_dna,32,60,open,,,False,,64,,False,False,machine_only,https://www.cbioportal.org/study/summary?id=brca_pareja_msk_2020
idc-dro-toolkit,DRO-Toolkit,dro_toolkit,IDC,NCI Imaging Data Commons / The Cancer Imaging Archive,IDC,Phantom,Phantom,,non_cancer,radiology,32,,open,,,,,,,False,False,machine_only,https://portal.imaging.datacommons.cancer.gov/explore/?collection_id=dro_toolkit
idc-mouse-mammary,Mouse-Mammary,mouse_mammary,IDC,NCI Imaging Data Commons / The Cancer Imaging Archive,IDC,Breast Cancer,Abdomen,BREAST,single,radiology,32,,open,,,,,,,False,False,machine_only,https://portal.imaging.datacommons.cancer.gov/explore/?collection_id=mouse_mammary
idc-rider-lung-ct,RIDER Lung CT,rider_lung_ct,IDC,NCI Imaging Data Commons / The Cancer Imaging Archive,IDC,Lung Cancer,Chest,LUNG,single,radiology,32,,open,,,,,,,False,False,machine_only,https://portal.imaging.datacommons.cancer.gov/explore/?collection_id=rider_lung_ct
pdc-cptac-kf-ccdi-pediatric-brain-cancer-study-atrt-phosphoproteome,CPTAC-KF-CCDI-Pediatric Brain Cancer Study - ATRT Phosphoproteome,PDC000656,PDC,CPTAC-Kids First-Childhood Cancer Data Initiative,CPTAC-Kids First-Childhood Cancer Data Initiative,Pediatric/AYA Brain Tumors,"Brain; Spinal cord, cranial nerves, and other parts of central nervous system",BRAIN,single,phosphoproteome,32,,open,True,30.3,False,0,,,False,False,machine_only,https://pdc.cancer.gov/pdc/study/PDC000656
pdc-cptac-kf-ccdi-pediatric-brain-cancer-study-atrt-phosphotyrosine,CPTAC-KF-CCDI-Pediatric Brain Cancer Study - ATRT Phosphotyrosine,PDC000659,PDC,CPTAC-Kids First-Childhood Cancer Data Initiative,CPTAC-Kids First-Childhood Cancer Data Initiative,Pediatric/AYA Brain Tumors,"Brain; Spinal cord, cranial nerves, and other parts of central nervous system",BRAIN,single,phosphoproteome,32,,open,True,30.3,False,0,,,False,False,machine_only,https://pdc.cancer.gov/pdc/study/PDC000659
pdc-cptac-kf-ccdi-pediatric-brain-cancer-study-atrt-proteome,CPTAC-KF-CCDI-Pediatric Brain Cancer Study - ATRT Proteome,PDC000655,PDC,CPTAC-Kids First-Childhood Cancer Data Initiative,CPTAC-Kids First-Childhood Cancer Data Initiative,Pediatric/AYA Brain Tumors,"Brain; Spinal cord, cranial nerves, and other parts of central nervous system",BRAIN,single,proteome,32,,open,True,30.3,False,0,,,False,False,machine_only,https://pdc.cancer.gov/pdc/study/PDC000655
cbio-rectal-radiation-msk-2024,"Colorectal Cancer Radiation (MSK, 2024)",rectal_radiation_msk_2024,cBioPortal,Investigator-initiated cohort (harmonized in cBioPortal),,Rectal Adenocarcinoma,coadread,BOWEL,single,copy_number; structural_variant; targeted_dna,31,48,open,,,False,,1,,False,False,machine_only,https://www.cbioportal.org/study/summary?id=rectal_radiation_msk_2024
gdc-match-y,Genomic Characterization CS-MATCH-0007 Arm Y,MATCH-Y,GDC,MATCH,MATCH,"Cystic, Mucinous and Serous Neoplasms; Neoplasms, NOS; Adenomas and Adenocarcinomas; Fibromatous Neoplasms; Myomatous Neoplasms; Epithelial Neoplasms, NOS; Ductal and Lobular Neoplasms; Squamous Cell Neoplasms",Cervix uteri; Bronchus and lung; Other and unspecified female genital organs; Breast; Corpus uteri; Pancreas; Skin; Retroperitoneum and peritoneum,,pan_cancer,clinical; rna_seq; structural_variant; wxs,31,,controlled,False,,False,0,,,False,False,machine_only,https://portal.gdc.cancer.gov/projects/MATCH-Y
idc-cmb-ov,CMB-OV,cmb_ov,IDC,NCI Imaging Data Commons / The Cancer Imaging Archive,IDC,Ovarian Cancer,Ovary,OVARY,single,clinical; radiology,31,,open,,,,,,,False,False,machine_only,https://portal.imaging.datacommons.cancer.gov/explore/?collection_id=cmb_ov
cbio-schw-ctf-synodos-2025,"Schwannoma (Children's Tumor Foundation, Acta Neuropathologica 2020)",schw_ctf_synodos_2025,cBioPortal,Investigator-initiated cohort (harmonized in cBioPortal),,Schwannoma,nst,PNS,single,rna_seq; targeted_dna,30,52,open,,,False,,35,,False,False,machine_only,https://www.cbioportal.org/study/summary?id=schw_ctf_synodos_2025
idc-htan-vanderbilt,HTAN-VANDERBILT,htan_vanderbilt,IDC,NCI Imaging Data Commons / The Cancer Imaging Archive,IDC,Colon Precancer,Colon,BOWEL,single,radiology,30,,open,,,,,,,False,False,machine_only,https://portal.imaging.datacommons.cancer.gov/explore/?collection_id=htan_vanderbilt
pdc-vu-normal-colon-epithelium,VU Normal Colon Epithelium,PDC000278,PDC,Clinical Proteomic Tumor Analysis Consortium,Clinical Proteomic Tumor Analysis Consortium,,,BOWEL,title_derived,proteome,30,,open,,,False,1,1,1.584,False,False,machine_only,https://pdc.cancer.gov/pdc/study/PDC000278
cbio-crc-hta8-htan-2024,"Colorectal Cancer (HTAN MSK, Nature 2025)",crc_hta8_htan_2024,cBioPortal,Investigator-initiated cohort (harmonized in cBioPortal),,Colorectal Adenocarcinoma,bowel,BOWEL,single,copy_number; rna_seq; structural_variant; targeted_dna,29,83,open,True,24.1,False,,169,,False,False,machine_only,https://www.cbioportal.org/study/summary?id=crc_hta8_htan_2024
gdc-match-z1b,Genomic Characterization CS-MATCH-0007 Arm Z1B,MATCH-Z1B,GDC,MATCH,MATCH,"Adenomas and Adenocarcinomas; Neoplasms, NOS; Squamous Cell Neoplasms; Transitional Cell Papillomas and Carcinomas",Esophagus; Vulva; Bronchus and lung; Stomach; Colon; Prostate gland; Corpus uteri; Pancreas,,pan_cancer,clinical; rna_seq; structural_variant; wxs,29,,controlled,False,,False,0,,,False,False,machine_only,https://portal.gdc.cancer.gov/projects/MATCH-Z1B
gdc-match-r,Genomic Characterization CS-MATCH-0007 Arm R,MATCH-R,GDC,MATCH,MATCH,"Neoplasms, NOS; Osseous and Chondromatous Neoplasms; Epithelial Neoplasms, NOS; Adenomas and Adenocarcinomas; Mature B-Cell Lymphomas; Mature T- and NK-Cell Lymphomas; Nevi and Melanomas; Ductal and Lobular Neoplasms",Vulva; Bronchus and lung; Other and unspecified female genital organs; Colon; Breast; Corpus uteri; Prostate gland; Skin,,pan_cancer,clinical; rna_seq; structural_variant; wxs,28,,controlled,False,,False,0,,,False,False,machine_only,https://portal.gdc.cancer.gov/projects/MATCH-R
gdc-match-p,Genomic Characterization CS-MATCH-0007 Arm P,MATCH-P,GDC,MATCH,MATCH,"Neoplasms, NOS; Cystic, Mucinous and Serous Neoplasms; Complex Mixed and Stromal Neoplasms; Adenomas and Adenocarcinomas; Mesothelial Neoplasms; Nevi and Melanomas; Epithelial Neoplasms, NOS; Ductal and Lobular Neoplasms",Cervix uteri; Bronchus and lung; Colon; Breast; Corpus uteri; Prostate gland; Adrenal gland; Anus and anal canal,,pan_cancer,clinical; rna_seq; structural_variant; wxs,28,,controlled,False,,False,0,,,False,False,machine_only,https://portal.gdc.cancer.gov/projects/MATCH-P
idc-prostate-fused-mri-pathology,Prostate Fused-MRI-Pathology,prostate_fused_mri_pathology,IDC,NCI Imaging Data Commons / The Cancer Imaging Archive,IDC,Prostate Cancer,Prostate,PROSTATE,single,radiology,28,,open,,,,,,,False,False,machine_only,https://portal.imaging.datacommons.cancer.gov/explore/?collection_id=prostate_fused_mri_pathology
pdc-cptac-kf-ccdi-pediatric-brain-cancer-study-sarcoma-phosphoproteome,CPTAC-KF-CCDI-Pediatric Brain Cancer Study - Sarcoma Phosphoproteome,PDC000681,PDC,CPTAC-Kids First-Childhood Cancer Data Initiative,CPTAC-Kids First-Childhood Cancer Data Initiative,Sarcoma,"Brain; Spinal cord, cranial nerves, and other parts of central nervous system",SOFT_TISSUE,single,phosphoproteome,28,,open,,,False,0,,,False,False,machine_only,https://pdc.cancer.gov/pdc/study/PDC000681
pdc-cptac-kf-ccdi-pediatric-brain-cancer-study-sarcoma-phosphotyrosine,CPTAC-KF-CCDI-Pediatric Brain Cancer Study - Sarcoma Phosphotyrosine,PDC000684,PDC,CPTAC-Kids First-Childhood Cancer Data Initiative,CPTAC-Kids First-Childhood Cancer Data Initiative,Sarcoma,"Brain; Spinal cord, cranial nerves, and other parts of central nervous system",SOFT_TISSUE,single,phosphoproteome,28,,open,,,False,0,,,False,False,machine_only,https://pdc.cancer.gov/pdc/study/PDC000684
pdc-cptac-kf-ccdi-pediatric-brain-cancer-study-sarcoma-proteome,CPTAC-KF-CCDI-Pediatric Brain Cancer Study - Sarcoma Proteome,PDC000682,PDC,CPTAC-Kids First-Childhood Cancer Data Initiative,CPTAC-Kids First-Childhood Cancer Data Initiative,Sarcoma,"Brain; Spinal cord, cranial nerves, and other parts of central nervous system",SOFT_TISSUE,single,proteome,28,,open,,,False,0,,,False,False,machine_only,https://pdc.cancer.gov/pdc/study/PDC000682
pdc-kncc-medulloblastoma-kncc,KNCC Medulloblastoma - KNCC,PDC000524,PDC,International Cancer Proteogenome Consortium,International Cancer Proteogenome Consortium,Pediatric/AYA Brain Tumors,Brain,BRAIN,single,phosphoproteome; proteome,28,,open,True,43.9,False,0,,1.161,False,False,machine_only,https://pdc.cancer.gov/pdc/study/PDC000524
pdc-therapeutic-targets-in-breast-cancer-xenografts,Therapeutic Targets in Breast Cancer Xenografts,PDC000304,PDC,Clinical Proteomic Tumor Analysis Consortium,Clinical Proteomic Tumor Analysis Consortium,,,BREAST,title_derived,phosphoproteome; proteome,27,,open,,,False,1,,-1.97,True,False,machine_only,https://pdc.cancer.gov/pdc/study/PDC000304
gdc-match-z1i,Genomic Characterization CS-MATCH-0007 Arm Z1I,MATCH-Z1I,GDC,MATCH,MATCH,"Neoplasms, NOS; Adenomas and Adenocarcinomas; Nevi and Melanomas; Epithelial Neoplasms, NOS; Ductal and Lobular Neoplasms; Squamous Cell Neoplasms","Other and unspecified female genital organs; Bronchus and lung; Breast; Pancreas; Anus and anal canal; Other and ill-defined sites in lip, oral cavity and pharynx; Unknown; Gallbladder",,pan_cancer,clinical; rna_seq; structural_variant; wxs,26,,controlled,False,,False,1,0,1.927,False,False,machine_only,https://portal.gdc.cancer.gov/projects/MATCH-Z1I
idc-prostate-mri,PROSTATE-MRI,prostate_mri,IDC,NCI Imaging Data Commons / The Cancer Imaging Archive,IDC,Prostate Cancer,Prostate,PROSTATE,single,radiology,26,,open,,,,,,,False,False,machine_only,https://portal.imaging.datacommons.cancer.gov/explore/?collection_id=prostate_mri
gdc-target-all-p1,Acute Lymphoblastic Leukemia - Phase I,TARGET-ALL-P1,GDC,TARGET,TARGET,Lymphoid Leukemias,Hematopoietic and reticuloendothelial systems,LYMPH,single,clinical; copy_number; rna_seq; structural_variant; wgs,24,,mixed,True,49.5,False,14,259,-0.283,False,False,machine_only,https://portal.gdc.cancer.gov/projects/TARGET-ALL-P1
idc-pdmr-997537-175-t,PDMR-997537-175-T,pdmr_997537_175_t,IDC,NCI Imaging Data Commons / The Cancer Imaging Archive,IDC,Colon adenocarcinoma,Colon,BOWEL,single,clinical; radiology,24,,open,,,,,,,False,False,machine_only,https://portal.imaging.datacommons.cancer.gov/explore/?collection_id=pdmr_997537_175_t
cbio-lgg-ucsf-2014,"Low-Grade Gliomas (UCSF, Science 2014)",lgg_ucsf_2014,cBioPortal,Investigator-initiated cohort (harmonized in cBioPortal),,Diffuse Glioma,brain,BRAIN,single,targeted_dna; treatment,23,61,open,True,74.0,False,,1113,,False,False,machine_only,https://www.cbioportal.org/study/summary?id=lgg_ucsf_2014
gdc-match-u,Genomic Characterization CS-MATCH-0007 Arm U,MATCH-U,GDC,MATCH,MATCH,"Neoplasms, NOS; Adenomas and Adenocarcinomas; Mesothelial Neoplasms; Fibromatous Neoplasms; Epithelial Neoplasms, NOS; Squamous Cell Neoplasms; Nerve Sheath Tumors","Other and unspecified female genital organs; Bronchus and lung; Cervix uteri; Meninges; Other and unspecified parts of biliary tract; Liver and intrahepatic bile ducts; Brain; Heart, mediastinum, and pleura",,pan_cancer,clinical; rna_seq; structural_variant; wxs,23,,controlled,False,,False,0,,,False,False,machine_only,https://portal.gdc.cancer.gov/projects/MATCH-U
idc-cc-tumor-heterogeneity,CC-Tumor-Heterogeneity,cc_tumor_heterogeneity,IDC,NCI Imaging Data Commons / The Cancer Imaging Archive,IDC,Cervical Cancer,Cervix,CERVIX,single,clinical; radiology,23,,open,,,,,,,False,False,machine_only,https://portal.imaging.datacommons.cancer.gov/explore/?collection_id=cc_tumor_heterogeneity
cbio-bladder-columbia-msk-2018,"Bladder Cancer (Columbia University/MSK, Cell 2018)",bladder_columbia_msk_2018,cBioPortal,Investigator-initiated cohort (harmonized in cBioPortal),,Bladder/Urinary Tract,tissue,BLADDER,single,copy_number; targeted_dna,22,130,open,,,False,,698,,False,False,machine_only,https://www.cbioportal.org/study/summary?id=bladder_columbia_msk_2018
idc-nsclc-radiomics-interobserver1,NSCLC-Radiomics-Interobserver1,nsclc_radiomics_interobserver1,IDC,NCI Imaging Data Commons / The Cancer Imaging Archive,IDC,Non-small Cell Lung Cancer,Lung,LUNG,single,clinical; radiology,22,,open,,,,,,,False,False,machine_only,https://portal.imaging.datacommons.cancer.gov/explore/?collection_id=nsclc_radiomics_interobserver1
gdc-match-n,Genomic Characterization CS-MATCH-0007 Arm N,MATCH-N,GDC,MATCH,MATCH,"Cystic, Mucinous and Serous Neoplasms; Neoplasms, NOS; Complex Mixed and Stromal Neoplasms; Epithelial Neoplasms, NOS; Adenomas and Adenocarcinomas; Gliomas; Myomatous Neoplasms; Ductal and Lobular Neoplasms",Cervix uteri; Bronchus and lung; Base of tongue; Breast; Prostate gland; Corpus uteri; Brain; Kidney,,pan_cancer,clinical; rna_seq; structural_variant; wxs,21,,controlled,False,,False,0,,,False,False,machine_only,https://portal.gdc.cancer.gov/projects/MATCH-N
gdc-match-h,Genomic Characterization CS-MATCH-0007 Arm H,MATCH-H,GDC,MATCH,MATCH,"Epithelial Neoplasms, NOS; Adenomas and Adenocarcinomas; Gliomas; Neoplasms, NOS",Other and unspecified female genital organs; Bronchus and lung; Colon; Liver and intrahepatic bile ducts; Brain; Pancreas; Anus and anal canal; Other and ill-defined digestive organs,,pan_cancer,clinical; rna_seq; structural_variant; wxs,21,,controlled,False,,False,0,,,False,False,machine_only,https://portal.gdc.cancer.gov/projects/MATCH-H
idc-htan-wustl,HTAN-WUSTL,htan_wustl,IDC,NCI Imaging Data Commons / The Cancer Imaging Archive,IDC,Ductal adenocarcinoma,Pancreas,PANCREAS,single,radiology,21,,open,,,,,,,False,False,machine_only,https://portal.imaging.datacommons.cancer.gov/explore/?collection_id=htan_wustl
pdc-ptrc-hgsoc-ffpe-validation,PTRC HGSOC FFPE Validation,PDC000357,PDC,Clinical Proteomic Tumor Analysis Consortium,Clinical Proteomic Tumor Analysis Consortium,Ovarian Serous Cystadenocarcinoma,Ovary,OVARY,single,phosphoproteome; proteome,21,,open,,,False,0,,,False,False,machine_only,https://pdc.cancer.gov/pdc/study/PDC000357
cbio-soft-tissue-msk-2023,"Rhabdomyosarcomas (MSK, NPJ Precis Oncol 2023)",soft_tissue_msk_2023,cBioPortal,Investigator-initiated cohort (harmonized in cBioPortal),,Rhabdomyosarcoma,soft_tissue,SOFT_TISSUE,single,copy_number; structural_variant; targeted_dna,20,42,open,True,31.9,False,,19,,False,False,machine_only,https://www.cbioportal.org/study/summary?id=soft_tissue_msk_2023
idc-4d-lung,4D-Lung,4d_lung,IDC,NCI Imaging Data Commons / The Cancer Imaging Archive,IDC,Non-small Cell Lung Cancer,Lung,LUNG,single,radiology,20,,open,,,,,,,False,False,machine_only,https://portal.imaging.datacommons.cancer.gov/explore/?collection_id=4d_lung
idc-cptac-stad,CPTAC-STAD,cptac_stad,IDC,NCI Imaging Data Commons / The Cancer Imaging Archive,IDC,Stomach Adenocarcinoma,Stomach,STOMACH,single,clinical; proteome; radiology; wgs,20,,open,,,,,,,False,False,machine_only,https://portal.imaging.datacommons.cancer.gov/explore/?collection_id=cptac_stad
idc-ct-vs-pet-ventilation-imaging,CT-vs-PET-Ventilation-Imaging,ct_vs_pet_ventilation_imaging,IDC,NCI Imaging Data Commons / The Cancer Imaging Archive,IDC,Lung Cancer,Lung,LUNG,single,radiology,20,,open,,,,,,,False,False,machine_only,https://portal.imaging.datacommons.cancer.gov/explore/?collection_id=ct_vs_pet_ventilation_imaging
idc-pdmr-292921-168-r,PDMR-292921-168-R,pdmr_292921_168_r,IDC,NCI Imaging Data Commons / The Cancer Imaging Archive,IDC,Pancreatic Adenocarcinoma,Abdomen,PANCREAS,single,clinical; radiology,20,,open,,,,,,,False,False,machine_only,https://portal.imaging.datacommons.cancer.gov/explore/?collection_id=pdmr_292921_168_r
idc-pdmr-425362-245-t,PDMR-425362-245-T,pdmr_425362_245_t,IDC,NCI Imaging Data Commons / The Cancer Imaging Archive,IDC,Melanoma,Abdomen,SKIN,single,clinical; radiology,20,,open,,,,,,,False,False,machine_only,https://portal.imaging.datacommons.cancer.gov/explore/?collection_id=pdmr_425362_245_t
idc-pdmr-521955-158-r4,PDMR-521955-158-R4,pdmr_521955_158_r4,IDC,NCI Imaging Data Commons / The Cancer Imaging Archive,IDC,Pancreatic Adenocarcinoma,Abdomen,PANCREAS,single,clinical; radiology,20,,open,,,,,,,False,False,machine_only,https://portal.imaging.datacommons.cancer.gov/explore/?collection_id=pdmr_521955_158_r4
idc-pdmr-833975-119-r,PDMR-833975-119-R,pdmr_833975_119_r,IDC,NCI Imaging Data Commons / The Cancer Imaging Archive,IDC,Pancreatic Ductal Adenocarcinoma,Abdomen,PANCREAS,single,clinical; radiology,20,,open,,,,,,,False,False,machine_only,https://portal.imaging.datacommons.cancer.gov/explore/?collection_id=pdmr_833975_119_r
idc-rider-phantom-pet-ct,RIDER PHANTOM PET-CT,rider_phantom_pet_ct,IDC,NCI Imaging Data Commons / The Cancer Imaging Archive,IDC,Phantom,Phantom,,non_cancer,radiology,20,,open,,,,,,,False,False,machine_only,https://portal.imaging.datacommons.cancer.gov/explore/?collection_id=rider_phantom_pet_ct
pdc-aml-ex-vivo-drug-response-combination-treatment,AML Ex Vivo Drug Response - Combination Treatment,PDC000403,PDC,Clinical Proteomic Tumor Analysis Consortium,Clinical Proteomic Tumor Analysis Consortium,Acute Myeloid Leukemia,Hematopoietic and reticuloendothelial systems,MYELOID,single,phosphoproteome; proteome,20,,open,True,10.4,False,0,,,False,False,machine_only,https://pdc.cancer.gov/pdc/study/PDC000403
idc-pdmr-bl0293-f563,PDMR-BL0293-F563,pdmr_bl0293_f563,IDC,NCI Imaging Data Commons / The Cancer Imaging Archive,IDC,Bladder Cancer,Bladder,BLADDER,single,clinical; radiology,19,,open,,,,,,,False,False,machine_only,https://portal.imaging.datacommons.cancer.gov/explore/?collection_id=pdmr_bl0293_f563
cbio-histiocytosis-cobi-msk-2019,"Histiocytosis Cobimetinib (MSK, Nature 2019)",histiocytosis_cobi_msk_2019,cBioPortal,Investigator-initiated cohort (harmonized in cBioPortal),,Histiocytic and Dendritic Cell Neoplasms,mnm,MYELOID,single,copy_number; targeted_dna,18,52,open,True,11.7,False,,316,,False,False,machine_only,https://www.cbioportal.org/study/summary?id=histiocytosis_cobi_msk_2019
pdc-aml-ex-vivo-drug-response-primary-cohort,AML Ex Vivo Drug Response - Primary Cohort,PDC000399,PDC,Clinical Proteomic Tumor Analysis Consortium,Clinical Proteomic Tumor Analysis Consortium,Acute Myeloid Leukemia,Hematopoietic and reticuloendothelial systems,MYELOID,single,phosphoproteome; proteome,18,,open,True,20.4,False,0,,,False,False,machine_only,https://pdc.cancer.gov/pdc/study/PDC000399
idc-cc-radiomics-phantom,CC-Radiomics-Phantom,cc_radiomics_phantom,IDC,NCI Imaging Data Commons / The Cancer Imaging Archive,IDC,Phantom,Lung Phantom,,non_cancer,radiology,17,,open,,,,,,,False,False,machine_only,https://portal.imaging.datacommons.cancer.gov/explore/?collection_id=cc_radiomics_phantom
pdc-microscaled-proteogenomic-methods-for-precision-oncology-dp1-clinical-,Microscaled Proteogenomic Methods for Precision Oncology DP1 Clinical Trial,PDC000326,PDC,Clinical Proteomic Tumor Analysis Consortium,Clinical Proteomic Tumor Analysis Consortium,Breast Invasive Carcinoma,Breast,BREAST,single,phosphoproteome; proteome,17,,open,,,False,0,,,False,False,machine_only,https://pdc.cancer.gov/pdc/study/PDC000326
cbio-brca-bccrc-xenograft-2014,"Breast Cancer Xenografts (British Columbia, Nature 2015)",brca_bccrc_xenograft_2014,cBioPortal,Investigator-initiated cohort (harmonized in cBioPortal),,Invasive Breast Carcinoma,breast,BREAST,single,targeted_dna,16,117,open,,,False,,500,,False,False,machine_only,https://www.cbioportal.org/study/summary?id=brca_bccrc_xenograft_2014
idc-cmb-gec,CMB-GEC,cmb_gec,IDC,NCI Imaging Data Commons / The Cancer Imaging Archive,IDC,Gastroesophageal Cancer,Esophagus,STOMACH,single,clinical; radiology,16,,open,,,,,,,False,False,machine_only,https://portal.imaging.datacommons.cancer.gov/explore/?collection_id=cmb_gec
idc-htan-hms,HTAN-HMS,htan_hms,IDC,NCI Imaging Data Commons / The Cancer Imaging Archive,IDC,Adenocarcinoma,Colon,BOWEL,single,radiology,16,,open,,,,,,,False,False,machine_only,https://portal.imaging.datacommons.cancer.gov/explore/?collection_id=htan_hms
cbio-normal-skin-keratinocytes-2024,"Normal Keratinocytes (UCSF, BioRxiv 2024)",normal_skin_keratinocytes_2024,cBioPortal,Investigator-initiated cohort (harmonized in cBioPortal),,Skin,tissue,SKIN,single,rna_seq; targeted_dna,15,137,open,,,False,,3,,False,False,machine_only,https://www.cbioportal.org/study/summary?id=normal_skin_keratinocytes_2024
idc-qin-prostate-repeatability,QIN-PROSTATE-Repeatability,qin_prostate_repeatability,IDC,NCI Imaging Data Commons / The Cancer Imaging Archive,IDC,Prostate Cancer,Prostate,PROSTATE,single,radiology,15,,open,,,,,,,False,False,machine_only,https://portal.imaging.datacommons.cancer.gov/explore/?collection_id=qin_prostate_repeatability
pdc-cptac-pdac-biotext,CPTAC PDAC BioTExt,PDC000504,PDC,Clinical Proteomic Tumor Analysis Consortium,Clinical Proteomic Tumor Analysis Consortium,Pancreatic Ductal Adenocarcinoma,Pancreas,PANCREAS,single,proteome,15,,open,True,19.1,False,1,3,0.826,False,False,machine_only,https://pdc.cancer.gov/pdc/study/PDC000504
idc-uw-cirp-mouse-pet-ct-nsclc,UW-CIRP-Mouse-PET-CT-NSCLC,uw_cirp_mouse_pet_ct_nsclc,IDC,NCI Imaging Data Commons / The Cancer Imaging Archive,IDC,Lung Squamous Cell Carcinoma,lung,LUNG,single,clinical; radiology,14,,open,,,,,,,False,False,machine_only,https://portal.imaging.datacommons.cancer.gov/explore/?collection_id=uw_cirp_mouse_pet_ct_nsclc
gdc-target-ccsk,Clear Cell Sarcoma of the Kidney,TARGET-CCSK,GDC,TARGET,TARGET,Complex Mixed and Stromal Neoplasms,Kidney,KIDNEY,single,clinical; copy_number; methylation; rna_seq; structural_variant; wgs,13,,mixed,True,71.9,False,4,119,-2.252,True,False,machine_only,https://portal.gdc.cancer.gov/projects/TARGET-CCSK
idc-qin-breast-02,QIN-BREAST-02,qin_breast_02,IDC,NCI Imaging Data Commons / The Cancer Imaging Archive,IDC,Breast Cancer,Breast,BREAST,single,clinical; radiology,13,,open,,,,,,,False,False,machine_only,https://portal.imaging.datacommons.cancer.gov/explore/?collection_id=qin_breast_02
gdc-match-c1,Genomic Characterization CS-MATCH-0007 Arm C1,MATCH-C1,GDC,MATCH,MATCH,"Nevi and Melanomas; Adenomas and Adenocarcinomas; Neoplasms, NOS",Esophagus; Bronchus and lung; Stomach; Liver and intrahepatic bile ducts; Palate; Rectum,,pan_cancer,clinical; rna_seq; structural_variant; wxs,11,,controlled,False,,False,0,,,False,False,machine_only,https://portal.gdc.cancer.gov/projects/MATCH-C1
idc-cmb-aml,CMB-AML,cmb_aml,IDC,NCI Imaging Data Commons / The Cancer Imaging Archive,IDC,Acute Myeloid Leukemia,Blood,MYELOID,single,clinical; radiology,11,,open,,,,,,,False,False,machine_only,https://portal.imaging.datacommons.cancer.gov/explore/?collection_id=cmb_aml
pdc-georgetown-lung-cancer-proteomics-study,Georgetown Lung Cancer Proteomics Study,PDC000231,PDC,Georgetown Proteomics Research Program,Georgetown Proteomics Research Program,Lung Adenocarcinoma,Lung; Bronchus and lung,LUNG,single,proteome,11,,open,,,False,0,,,False,False,machine_only,https://pdc.cancer.gov/pdc/study/PDC000231
pdc-ptrc-tnbc-pdx,PTRC TNBC PDX,PDC000410,PDC,Clinical Proteomic Tumor Analysis Consortium,Clinical Proteomic Tumor Analysis Consortium,Breast Invasive Carcinoma,Breast,BREAST,single,proteome,11,,open,,,False,1,,-0.5,False,False,machine_only,https://pdc.cancer.gov/pdc/study/PDC000410
idc-qin-breast-dce-mri,QIN Breast DCE-MRI,qin_breast_dce_mri,IDC,NCI Imaging Data Commons / The Cancer Imaging Archive,IDC,Breast Cancer,Breast,BREAST,single,clinical; radiology,10,,open,,,,,,,False,False,machine_only,https://portal.imaging.datacommons.cancer.gov/explore/?collection_id=qin_breast_dce_mri
idc-rider-phantom-mri,RIDER PHANTOM MRI,rider_phantom_mri,IDC,NCI Imaging Data Commons / The Cancer Imaging Archive,IDC,Phantom,Phantom,,non_cancer,radiology,10,,open,,,,,,,False,False,machine_only,https://portal.imaging.datacommons.cancer.gov/explore/?collection_id=rider_phantom_mri
idc-naf-prostate,NaF PROSTATE,naf_prostate,IDC,NCI Imaging Data Commons / The Cancer Imaging Archive,IDC,Prostate Cancer,Prostate,PROSTATE,single,radiology,9,,open,,,,,,,False,False,machine_only,https://portal.imaging.datacommons.cancer.gov/explore/?collection_id=naf_prostate
pdc-pct-swath-kidney,PCT SWATH Kidney,PDC000152,PDC,Quantitative digital maps of tissue biopsies,Quantitative digital maps of tissue biopsies,Clear Cell Renal Cell Carcinoma; Papillary Renal Cell Carcinoma; Chromophobe Renal Cell Carcinoma,Kidney,KIDNEY,single,proteome,9,,open,True,0.0,False,0,,,False,False,machine_only,https://pdc.cancer.gov/pdc/study/PDC000152
idc-rider-pilot,RIDER Pilot,rider_pilot,IDC,NCI Imaging Data Commons / The Cancer Imaging Archive,IDC,Lung Cancer,Lung,LUNG,single,radiology,8,,open,,,,,,,False,False,machine_only,https://portal.imaging.datacommons.cancer.gov/explore/?collection_id=rider_pilot
idc-phantom-fda,Phantom FDA,phantom_fda,IDC,NCI Imaging Data Commons / The Cancer Imaging Archive,IDC,Phantom,Lung Phantom,,non_cancer,radiology,7,,open,,,,,,,False,False,machine_only,https://portal.imaging.datacommons.cancer.gov/explore/?collection_id=phantom_fda
pdc-sampling-techniques-for-enrichment-of-pdac,Sampling techniques for enrichment of PDAC,PDC000393,PDC,Clinical Proteomic Tumor Analysis Consortium,Clinical Proteomic Tumor Analysis Consortium,Pancreatic Ductal Adenocarcinoma,Pancreas,PANCREAS,single,proteome,7,,open,True,10.5,False,2,,0.957,False,False,machine_only,https://pdc.cancer.gov/pdc/study/PDC000393
pdc-buparlisib-treated-xenograft-tumors-of-tnbc,Buparlisib Treated Xenograft Tumors of TNBC,PDC000308,PDC,Clinical Proteomic Tumor Analysis Consortium,Clinical Proteomic Tumor Analysis Consortium,,,BREAST,title_derived,phosphoproteome; proteome,7,,open,,,False,0,,,False,False,machine_only,https://pdc.cancer.gov/pdc/study/PDC000308
idc-lung-fused-ct-pathology,Lung-Fused-CT-Pathology,lung_fused_ct_pathology,IDC,NCI Imaging Data Commons / The Cancer Imaging Archive,IDC,Lung Cancer,Lung,LUNG,single,radiology,6,,open,,,,,,,False,False,machine_only,https://portal.imaging.datacommons.cancer.gov/explore/?collection_id=lung_fused_ct_pathology
pdc-microscaled-proteogenomic-methods-for-precision-oncology-pdx-bulk,Microscaled Proteogenomic Methods for Precision Oncology PDX bulk,PDC000328,PDC,Clinical Proteomic Tumor Analysis Consortium,Clinical Proteomic Tumor Analysis Consortium,Breast Invasive Carcinoma,,BREAST,single,phosphoproteome; proteome,6,,open,,,False,0,,,False,False,machine_only,https://pdc.cancer.gov/pdc/study/PDC000328
pdc-microscaled-proteogenomic-methods-for-precision-oncology-pdx-cores,Microscaled Proteogenomic Methods for Precision Oncology PDX cores,PDC000330,PDC,Clinical Proteomic Tumor Analysis Consortium,Clinical Proteomic Tumor Analysis Consortium,Breast Invasive Carcinoma,,BREAST,single,phosphoproteome; proteome,6,,open,,,False,0,,,False,False,machine_only,https://pdc.cancer.gov/pdc/study/PDC000330
idc-rider-breast-mri,RIDER Breast MRI,rider_breast_mri,IDC,NCI Imaging Data Commons / The Cancer Imaging Archive,IDC,Breast Cancer,Breast,BREAST,single,radiology,5,,open,,,,,,,False,False,machine_only,https://portal.imaging.datacommons.cancer.gov/explore/?collection_id=rider_breast_mri
pdc-cptac-ccrcc-confirmatory-study-kinase-inhibition,CPTAC CCRCC Confirmatory Study - Kinase Inhibition,PDC000415,PDC,Clinical Proteomic Tumor Analysis Consortium,Clinical Proteomic Tumor Analysis Consortium,,,KIDNEY,title_derived,phosphoproteome,5,,open,,,False,0,,,False,False,machine_only,https://pdc.cancer.gov/pdc/study/PDC000415
pdc-aml-ex-vivo-drug-response-sorafenib-treatment,AML Ex Vivo Drug Response - Sorafenib Treatment,PDC000401,PDC,Clinical Proteomic Tumor Analysis Consortium,Clinical Proteomic Tumor Analysis Consortium,Acute Myeloid Leukemia,Hematopoietic and reticuloendothelial systems,MYELOID,single,phosphoproteome; proteome,5,,open,True,10.2,False,0,,,False,False,machine_only,https://pdc.cancer.gov/pdc/study/PDC000401
gdc-match-s2,Genomic Characterization CS-MATCH-0007 Arm S2,MATCH-S2,GDC,MATCH,MATCH,Nevi and Melanomas,Skin; Unknown,SKIN,single,clinical; rna_seq; structural_variant; wxs,3,,controlled,False,,False,0,,,False,False,machine_only,https://portal.gdc.cancer.gov/projects/MATCH-S2
idc-gbm-dsc-mri-dro,GBM-DSC-MRI-DRO,gbm_dsc_mri_dro,IDC,NCI Imaging Data Commons / The Cancer Imaging Archive,IDC,Phantom,Brain Phantom,,non_cancer,radiology,3,,open,,,,,,,False,False,machine_only,https://portal.imaging.datacommons.cancer.gov/explore/?collection_id=gbm_dsc_mri_dro
idc-qiba-ct-liver-phantom,QIBA-CT-Liver-Phantom,qiba_ct_liver_phantom,IDC,NCI Imaging Data Commons / The Cancer Imaging Archive,IDC,Phantom,Liver Phantom,,non_cancer,radiology,3,,open,,,,,,,False,False,machine_only,https://portal.imaging.datacommons.cancer.gov/explore/?collection_id=qiba_ct_liver_phantom
pdc-ipmn-study-lmd-proteome,IPMN Study - LMD Proteome,PDC000634,PDC,Clinical Proteomic Tumor Analysis Consortium,Clinical Proteomic Tumor Analysis Consortium,Ductal and Lobular Neoplasms,Pancreas,PANCREAS,single,proteome,3,,open,,,False,0,,,False,False,machine_only,https://pdc.cancer.gov/pdc/study/PDC000634
pdc-aml-gilteritinib-resistance,AML Gilteritinib Resistance,PDC000318,PDC,Clinical Proteomic Tumor Analysis Consortium,Clinical Proteomic Tumor Analysis Consortium,Acute Myeloid Leukemia,Hematopoietic and reticuloendothelial systems,MYELOID,single,phosphoproteome; proteome,3,,open,,,False,0,,,False,False,machine_only,https://pdc.cancer.gov/pdc/study/PDC000318
pdc-cptac-deep-proteomics-2d-dia,CPTAC Deep Proteomics 2D-DIA,PDC000351,PDC,Clinical Proteomic Tumor Analysis Consortium,Clinical Proteomic Tumor Analysis Consortium,,,,title_derived,proteome,3,,open,,,False,0,,,False,False,machine_only,https://pdc.cancer.gov/pdc/study/PDC000351
htan-tnp-sardana,TNP SARDANA,HTA13,HTAN,Human Tumor Atlas Network,HTAN,,,,title_derived,spatial_proteomics,2,,mixed,True,,,0,,,False,False,machine_only,https://humantumoratlas.org/explore
idc-nlm-visible-human-project,NLM-Visible-Human-Project,nlm_visible_human_project,IDC,NCI Imaging Data Commons / The Cancer Imaging Archive,IDC,Normal (non-cancer),Whole Body,,non_cancer,radiology,2,,open,,,,,,,False,False,machine_only,https://portal.imaging.datacommons.cancer.gov/explore/?collection_id=nlm_visible_human_project
idc-qin-pet-phantom,QIN PET Phantom,qin_pet_phantom,IDC,NCI Imaging Data Commons / The Cancer Imaging Archive,IDC,Phantom,Phantom,,non_cancer,radiology,2,,open,,,,,,,False,False,machine_only,https://portal.imaging.datacommons.cancer.gov/explore/?collection_id=qin_pet_phantom
pdc-aml-quizartinib-resistance,AML Quizartinib Resistance,PDC000320,PDC,Clinical Proteomic Tumor Analysis Consortium,Clinical Proteomic Tumor Analysis Consortium,Acute Myeloid Leukemia,Hematopoietic and reticuloendothelial systems,MYELOID,single,phosphoproteome; proteome,2,,open,,,False,0,,,False,False,machine_only,https://pdc.cancer.gov/pdc/study/PDC000320
pdc-aml-gilteritinib-timecourse,AML Gilteritinib TimeCourse,PDC000319,PDC,Clinical Proteomic Tumor Analysis Consortium,Clinical Proteomic Tumor Analysis Consortium,Acute Myeloid Leukemia,Hematopoietic and reticuloendothelial systems,MYELOID,single,phosphoproteome; proteome,2,,open,,,False,0,,,False,False,machine_only,https://pdc.cancer.gov/pdc/study/PDC000319
pdc-reproducible-proteome-and-phosphoproteome-workflow-jhu,Reproducible Proteome and Phosphoproteome Workflow JHU,PDC000313,PDC,Clinical Proteomic Tumor Analysis Consortium,Clinical Proteomic Tumor Analysis Consortium,,,,title_derived,phosphoproteome; proteome,2,,open,,,False,0,,,False,False,machine_only,https://pdc.cancer.gov/pdc/study/PDC000313
pdc-reproducible-proteome-and-phosphoproteome-workflow-pnnl,Reproducible Proteome and Phosphoproteome Workflow PNNL,PDC000314,PDC,Clinical Proteomic Tumor Analysis Consortium,Clinical Proteomic Tumor Analysis Consortium,,,,title_derived,phosphoproteome; proteome,2,,open,,,False,0,,,False,False,machine_only,https://pdc.cancer.gov/pdc/study/PDC000314
pdc-reproducible-proteome-and-phosphoproteome-workflow-bi,Reproducible Proteome and Phosphoproteome Workflow BI,PDC000312,PDC,Clinical Proteomic Tumor Analysis Consortium,Clinical Proteomic Tumor Analysis Consortium,,,,title_derived,phosphoproteome; proteome,2,,open,,,False,0,,,False,False,machine_only,https://pdc.cancer.gov/pdc/study/PDC000312
idc-ct4harmonization-multicentric,CT4Harmonization-Multicentric,ct4harmonization_multicentric,IDC,NCI Imaging Data Commons / The Cancer Imaging Archive,IDC,Hemangioma; Pathologically Benign; Metastatic disease,Liver Phantom,,non_cancer,radiology,1,,open,,,,,,,False,False,machine_only,https://portal.imaging.datacommons.cancer.gov/explore/?collection_id=ct4harmonization_multicentric
idc-ct-phantom4radiomics,CT-Phantom4Radiomics,ct_phantom4radiomics,IDC,NCI Imaging Data Commons / The Cancer Imaging Archive,IDC,Phantom,Phantom,,non_cancer,radiology,1,,open,,,,,,,False,False,machine_only,https://portal.imaging.datacommons.cancer.gov/explore/?collection_id=ct_phantom4radiomics
idc-htan-ohsu,HTAN-OHSU,htan_ohsu,IDC,NCI Imaging Data Commons / The Cancer Imaging Archive,IDC,Breast Cancer,Breast,BREAST,single,radiology,1,,open,,,,,,,False,False,machine_only,https://portal.imaging.datacommons.cancer.gov/explore/?collection_id=htan_ohsu
idc-htan-tnp-sardana,HTAN-TNP-SARDANA,htan_tnp_sardana,IDC,NCI Imaging Data Commons / The Cancer Imaging Archive,IDC,Colon Mucinous Adenocarcinoma,colon,BOWEL,single,radiology,1,,open,,,,,,,False,False,machine_only,https://portal.imaging.datacommons.cancer.gov/explore/?collection_id=htan_tnp_sardana
idc-lung-phantom,Lung Phantom,lung_phantom,IDC,NCI Imaging Data Commons / The Cancer Imaging Archive,IDC,Phantom,Lung Phantom,,non_cancer,radiology,1,,open,,,,,,,False,False,machine_only,https://portal.imaging.datacommons.cancer.gov/explore/?collection_id=lung_phantom
idc-qiba-ct-1c,QIBA CT-1C,qiba_ct_1c,IDC,NCI Imaging Data Commons / The Cancer Imaging Archive,IDC,Phantom,Phantom,,non_cancer,radiology,1,,open,,,,,,,False,False,machine_only,https://portal.imaging.datacommons.cancer.gov/explore/?collection_id=qiba_ct_1c
pdc-nci-7-cell-line-panel,NCI-7 Cell Line Panel,PDC000297,PDC,Clinical Proteomic Tumor Analysis Consortium,Clinical Proteomic Tumor Analysis Consortium,,,,title_derived,phosphoproteome; proteome,1,,open,,,False,0,0,-0.737,False,False,machine_only,https://pdc.cancer.gov/pdc/study/PDC000297
pdc-nci-7-cell-line-panel-experimental-application,NCI-7 Cell Line Panel Experimental Application,PDC000296,PDC,Clinical Proteomic Tumor Analysis Consortium,Clinical Proteomic Tumor Analysis Consortium,,,,title_derived,proteome,1,,open,,,False,0,,,False,False,machine_only,https://pdc.cancer.gov/pdc/study/PDC000296
htan-srrs,SRRS,HTA15,HTAN,Human Tumor Atlas Network,HTAN,,,,title_derived,scatac_seq; scrna_seq; spatial_proteomics,,,mixed,,,,0,,,False,False,machine_only,https://humantumoratlas.org/explore
